// Generated by tools/gen_fonts.py - do not edit.
// Source: Inter-SemiBold.ttf @ 17px, 206 glyphs, 30018 bytes. Inter is SIL OFL 1.1.
#pragma once
#include <stdint.h>
static const uint8_t font_body_vlw[] PROGMEM = {
  0x00,0x00,0x00,0xce,0x00,0x00,0x00,0x0b,0x00,0x00,0x00,0x11,0x00,0x00,0x00,0x00,0x00,0x00,0x00,0x11,0x00,0x00,0x00,0x05,
  0x00,0x00,0x00,0x20,0x00,0x00,0x00,0x00,0x00,0x00,0x00,0x00,0x00,0x00,0x00,0x04,0x00,0x00,0x00,0x00,0x00,0x00,0x00,0x00,
  0x00,0x00,0x00,0x00,0x00,0x00,0x00,0x21,0x00,0x00,0x00,0x0d,0x00,0x00,0x00,0x04,0x00,0x00,0x00,0x05,0x00,0x00,0x00,0x0d,
  0x00,0x00,0x00,0x01,0x00,0x00,0x00,0x00,0x00,0x00,0x00,0x22,0x00,0x00,0x00,0x06,0x00,0x00,0x00,0x07,0x00,0x00,0x00,0x09,
  0x00,0x00,0x00,0x0d,0x00,0x00,0x00,0x01,0x00,0x00,0x00,0x00,0x00,0x00,0x00,0x23,0x00,0x00,0x00,0x0d,0x00,0x00,0x00,0x0b,
  0x00,0x00,0x00,0x0b,0x00,0x00,0x00,0x0d,0x00,0x00,0x00,0x00,0x00,0x00,0x00,0x00,0x00,0x00,0x00,0x24,0x00,0x00,0x00,0x11,
  0x00,0x00,0x00,0x0b,0x00,0x00,0x00,0x0b,0x00,0x00,0x00,0x0f,0x00,0x00,0x00,0x00,0x00,0x00,0x00,0x00,0x00,0x00,0x00,0x25,
  0x00,0x00,0x00,0x0d,0x00,0x00,0x00,0x0f,0x00,0x00,0x00,0x11,0x00,0x00,0x00,0x0d,0x00,0x00,0x00,0x01,0x00,0x00,0x00,0x00,
  0x00,0x00,0x00,0x26,0x00,0x00,0x00,0x0d,0x00,0x00,0x00,0x0c,0x00,0x00,0x00,0x0b,0x00,0x00,0x00,0x0d,0x00,0x00,0x00,0x00,
  0x00,0x00,0x00,0x00,0x00,0x00,0x00,0x27,0x00,0x00,0x00,0x06,0x00,0x00,0x00,0x03,0x00,0x00,0x00,0x06,0x00,0x00,0x00,0x0d,
  0x00,0x00,0x00,0x01,0x00,0x00,0x00,0x00,0x00,0x00,0x00,0x28,0x00,0x00,0x00,0x11,0x00,0x00,0x00,0x05,0x00,0x00,0x00,0x06,
  0x00,0x00,0x00,0x0f,0x00,0x00,0x00,0x01,0x00,0x00,0x00,0x00,0x00,0x00,0x00,0x29,0x00,0x00,0x00,0x11,0x00,0x00,0x00,0x05,
  0x00,0x00,0x00,0x06,0x00,0x00,0x00,0x0f,0x00,0x00,0x00,0x00,0x00,0x00,0x00,0x00,0x00,0x00,0x00,0x2a,0x00,0x00,0x00,0x08,
  0x00,0x00,0x00,0x07,0x00,0x00,0x00,0x09,0x00,0x00,0x00,0x0d,0x00,0x00,0x00,0x01,0x00,0x00,0x00,0x00,0x00,0x00,0x00,0x2b,
  0x00,0x00,0x00,0x09,0x00,0x00,0x00,0x09,0x00,0x00,0x00,0x0b,0x00,0x00,0x00,0x0a,0x00,0x00,0x00,0x01,0x00,0x00,0x00,0x00,
  0x00,0x00,0x00,0x2c,0x00,0x00,0x00,0x06,0x00,0x00,0x00,0x03,0x00,0x00,0x00,0x05,0x00,0x00,0x00,0x02,0x00,0x00,0x00,0x01,
  0x00,0x00,0x00,0x00,0x00,0x00,0x00,0x2d,0x00,0x00,0x00,0x02,0x00,0x00,0x00,0x06,0x00,0x00,0x00,0x08,0x00,0x00,0x00,0x07,
  0x00,0x00,0x00,0x01,0x00,0x00,0x00,0x00,0x00,0x00,0x00,0x2e,0x00,0x00,0x00,0x03,0x00,0x00,0x00,0x04,0x00,0x00,0x00,0x05,
  0x00,0x00,0x00,0x03,0x00,0x00,0x00,0x01,0x00,0x00,0x00,0x00,0x00,0x00,0x00,0x2f,0x00,0x00,0x00,0x10,0x00,0x00,0x00,0x07,
  0x00,0x00,0x00,0x06,0x00,0x00,0x00,0x0e,0x00,0x00,0x00,0x00,0x00,0x00,0x00,0x00,0x00,0x00,0x00,0x30,0x00,0x00,0x00,0x0d,
  0x00,0x00,0x00,0x0b,0x00,0x00,0x00,0x0b,0x00,0x00,0x00,0x0d,0x00,0x00,0x00,0x00,0x00,0x00,0x00,0x00,0x00,0x00,0x00,0x31,
  0x00,0x00,0x00,0x0d,0x00,0x00,0x00,0x06,0x00,0x00,0x00,0x07,0x00,0x00,0x00,0x0d,0x00,0x00,0x00,0x00,0x00,0x00,0x00,0x00,
  0x00,0x00,0x00,0x32,0x00,0x00,0x00,0x0d,0x00,0x00,0x00,0x09,0x00,0x00,0x00,0x0b,0x00,0x00,0x00,0x0d,0x00,0x00,0x00,0x01,
  0x00,0x00,0x00,0x00,0x00,0x00,0x00,0x33,0x00,0x00,0x00,0x0d,0x00,0x00,0x00,0x0a,0x00,0x00,0x00,0x0b,0x00,0x00,0x00,0x0d,
  0x00,0x00,0x00,0x00,0x00,0x00,0x00,0x00,0x00,0x00,0x00,0x34,0x00,0x00,0x00,0x0d,0x00,0x00,0x00,0x0b,0x00,0x00,0x00,0x0b,
  0x00,0x00,0x00,0x0d,0x00,0x00,0x00,0x00,0x00,0x00,0x00,0x00,0x00,0x00,0x00,0x35,0x00,0x00,0x00,0x0d,0x00,0x00,0x00,0x0a,
  0x00,0x00,0x00,0x0a,0x00,0x00,0x00,0x0d,0x00,0x00,0x00,0x00,0x00,0x00,0x00,0x00,0x00,0x00,0x00,0x36,0x00,0x00,0x00,0x0d,
  0x00,0x00,0x00,0x0b,0x00,0x00,0x00,0x0b,0x00,0x00,0x00,0x0d,0x00,0x00,0x00,0x00,0x00,0x00,0x00,0x00,0x00,0x00,0x00,0x37,
  0x00,0x00,0x00,0x0d,0x00,0x00,0x00,0x0a,0x00,0x00,0x00,0x0a,0x00,0x00,0x00,0x0d,0x00,0x00,0x00,0x00,0x00,0x00,0x00,0x00,
  0x00,0x00,0x00,0x38,0x00,0x00,0x00,0x0d,0x00,0x00,0x00,0x0b,0x00,0x00,0x00,0x0b,0x00,0x00,0x00,0x0d,0x00,0x00,0x00,0x00,
  0x00,0x00,0x00,0x00,0x00,0x00,0x00,0x39,0x00,0x00,0x00,0x0d,0x00,0x00,0x00,0x0b,0x00,0x00,0x00,0x0b,0x00,0x00,0x00,0x0d,
  0x00,0x00,0x00,0x00,0x00,0x00,0x00,0x00,0x00,0x00,0x00,0x3a,0x00,0x00,0x00,0x0a,0x00,0x00,0x00,0x04,0x00,0x00,0x00,0x05,
  0x00,0x00,0x00,0x0a,0x00,0x00,0x00,0x01,0x00,0x00,0x00,0x00,0x00,0x00,0x00,0x3b,0x00,0x00,0x00,0x0d,0x00,0x00,0x00,0x04,
  0x00,0x00,0x00,0x06,0x00,0x00,0x00,0x09,0x00,0x00,0x00,0x01,0x00,0x00,0x00,0x00,0x00,0x00,0x00,0x3c,0x00,0x00,0x00,0x0b,
  0x00,0x00,0x00,0x09,0x00,0x00,0x00,0x0b,0x00,0x00,0x00,0x0b,0x00,0x00,0x00,0x01,0x00,0x00,0x00,0x00,0x00,0x00,0x00,0x3d,
  0x00,0x00,0x00,0x06,0x00,0x00,0x00,0x09,0x00,0x00,0x00,0x0b,0x00,0x00,0x00,0x08,0x00,0x00,0x00,0x01,0x00,0x00,0x00,0x00,
  0x00,0x00,0x00,0x3e,0x00,0x00,0x00,0x0b,0x00,0x00,0x00,0x0a,0x00,0x00,0x00,0x0b,0x00,0x00,0x00,0x0b,0x00,0x00,0x00,0x01,
  0x00,0x00,0x00,0x00,0x00,0x00,0x00,0x3f,0x00,0x00,0x00,0x0d,0x00,0x00,0x00,0x09,0x00,0x00,0x00,0x09,0x00,0x00,0x00,0x0d,
  0x00,0x00,0x00,0x00,0x00,0x00,0x00,0x00,0x00,0x00,0x00,0x40,0x00,0x00,0x00,0x11,0x00,0x00,0x00,0x11,0x00,0x00,0x00,0x11,
  0x00,0x00,0x00,0x0d,0x00,0x00,0x00,0x00,0x00,0x00,0x00,0x00,0x00,0x00,0x00,0x41,0x00,0x00,0x00,0x0d,0x00,0x00,0x00,0x0c,
  0x00,0x00,0x00,0x0c,0x00,0x00,0x00,0x0d,0x00,0x00,0x00,0x00,0x00,0x00,0x00,0x00,0x00,0x00,0x00,0x42,0x00,0x00,0x00,0x0d,
  0x00,0x00,0x00,0x0a,0x00,0x00,0x00,0x0b,0x00,0x00,0x00,0x0d,0x00,0x00,0x00,0x01,0x00,0x00,0x00,0x00,0x00,0x00,0x00,0x43,
  0x00,0x00,0x00,0x0d,0x00,0x00,0x00,0x0c,0x00,0x00,0x00,0x0d,0x00,0x00,0x00,0x0d,0x00,0x00,0x00,0x00,0x00,0x00,0x00,0x00,
  0x00,0x00,0x00,0x44,0x00,0x00,0x00,0x0d,0x00,0x00,0x00,0x0b,0x00,0x00,0x00,0x0c,0x00,0x00,0x00,0x0d,0x00,0x00,0x00,0x01,
  0x00,0x00,0x00,0x00,0x00,0x00,0x00,0x45,0x00,0x00,0x00,0x0d,0x00,0x00,0x00,0x09,0x00,0x00,0x00,0x0a,0x00,0x00,0x00,0x0d,
  0x00,0x00,0x00,0x01,0x00,0x00,0x00,0x00,0x00,0x00,0x00,0x46,0x00,0x00,0x00,0x0d,0x00,0x00,0x00,0x09,0x00,0x00,0x00,0x0a,
  0x00,0x00,0x00,0x0d,0x00,0x00,0x00,0x01,0x00,0x00,0x00,0x00,0x00,0x00,0x00,0x47,0x00,0x00,0x00,0x0d,0x00,0x00,0x00,0x0c,
  0x00,0x00,0x00,0x0d,0x00,0x00,0x00,0x0d,0x00,0x00,0x00,0x00,0x00,0x00,0x00,0x00,0x00,0x00,0x00,0x48,0x00,0x00,0x00,0x0d,
  0x00,0x00,0x00,0x0b,0x00,0x00,0x00,0x0d,0x00,0x00,0x00,0x0d,0x00,0x00,0x00,0x01,0x00,0x00,0x00,0x00,0x00,0x00,0x00,0x49,
  0x00,0x00,0x00,0x0d,0x00,0x00,0x00,0x03,0x00,0x00,0x00,0x05,0x00,0x00,0x00,0x0d,0x00,0x00,0x00,0x01,0x00,0x00,0x00,0x00,
  0x00,0x00,0x00,0x4a,0x00,0x00,0x00,0x0d,0x00,0x00,0x00,0x09,0x00,0x00,0x00,0x0a,0x00,0x00,0x00,0x0d,0x00,0x00,0x00,0x00,
  0x00,0x00,0x00,0x00,0x00,0x00,0x00,0x4b,0x00,0x00,0x00,0x0d,0x00,0x00,0x00,0x0b,0x00,0x00,0x00,0x0c,0x00,0x00,0x00,0x0d,
  0x00,0x00,0x00,0x01,0x00,0x00,0x00,0x00,0x00,0x00,0x00,0x4c,0x00,0x00,0x00,0x0d,0x00,0x00,0x00,0x08,0x00,0x00,0x00,0x0a,
  0x00,0x00,0x00,0x0d,0x00,0x00,0x00,0x01,0x00,0x00,0x00,0x00,0x00,0x00,0x00,0x4d,0x00,0x00,0x00,0x0d,0x00,0x00,0x00,0x0e,
  0x00,0x00,0x00,0x10,0x00,0x00,0x00,0x0d,0x00,0x00,0x00,0x01,0x00,0x00,0x00,0x00,0x00,0x00,0x00,0x4e,0x00,0x00,0x00,0x0d,
  0x00,0x00,0x00,0x0b,0x00,0x00,0x00,0x0d,0x00,0x00,0x00,0x0d,0x00,0x00,0x00,0x01,0x00,0x00,0x00,0x00,0x00,0x00,0x00,0x4f,
  0x00,0x00,0x00,0x0d,0x00,0x00,0x00,0x0d,0x00,0x00,0x00,0x0d,0x00,0x00,0x00,0x0d,0x00,0x00,0x00,0x00,0x00,0x00,0x00,0x00,
  0x00,0x00,0x00,0x50,0x00,0x00,0x00,0x0d,0x00,0x00,0x00,0x0a,0x00,0x00,0x00,0x0b,0x00,0x00,0x00,0x0d,0x00,0x00,0x00,0x01,
  0x00,0x00,0x00,0x00,0x00,0x00,0x00,0x51,0x00,0x00,0x00,0x0e,0x00,0x00,0x00,0x0d,0x00,0x00,0x00,0x0d,0x00,0x00,0x00,0x0d,
  0x00,0x00,0x00,0x00,0x00,0x00,0x00,0x00,0x00,0x00,0x00,0x52,0x00,0x00,0x00,0x0d,0x00,0x00,0x00,0x0a,0x00,0x00,0x00,0x0b,
  0x00,0x00,0x00,0x0d,0x00,0x00,0x00,0x01,0x00,0x00,0x00,0x00,0x00,0x00,0x00,0x53,0x00,0x00,0x00,0x0d,0x00,0x00,0x00,0x0b,
  0x00,0x00,0x00,0x0b,0x00,0x00,0x00,0x0d,0x00,0x00,0x00,0x00,0x00,0x00,0x00,0x00,0x00,0x00,0x00,0x54,0x00,0x00,0x00,0x0d,
  0x00,0x00,0x00,0x0b,0x00,0x00,0x00,0x0b,0x00,0x00,0x00,0x0d,0x00,0x00,0x00,0x00,0x00,0x00,0x00,0x00,0x00,0x00,0x00,0x55,
  0x00,0x00,0x00,0x0d,0x00,0x00,0x00,0x0b,0x00,0x00,0x00,0x0d,0x00,0x00,0x00,0x0d,0x00,0x00,0x00,0x01,0x00,0x00,0x00,0x00,
  0x00,0x00,0x00,0x56,0x00,0x00,0x00,0x0d,0x00,0x00,0x00,0x0c,0x00,0x00,0x00,0x0c,0x00,0x00,0x00,0x0d,0x00,0x00,0x00,0x00,
  0x00,0x00,0x00,0x00,0x00,0x00,0x00,0x57,0x00,0x00,0x00,0x0d,0x00,0x00,0x00,0x11,0x00,0x00,0x00,0x11,0x00,0x00,0x00,0x0d,
  0x00,0x00,0x00,0x00,0x00,0x00,0x00,0x00,0x00,0x00,0x00,0x58,0x00,0x00,0x00,0x0d,0x00,0x00,0x00,0x0c,0x00,0x00,0x00,0x0c,
  0x00,0x00,0x00,0x0d,0x00,0x00,0x00,0x00,0x00,0x00,0x00,0x00,0x00,0x00,0x00,0x59,0x00,0x00,0x00,0x0d,0x00,0x00,0x00,0x0c,
  0x00,0x00,0x00,0x0c,0x00,0x00,0x00,0x0d,0x00,0x00,0x00,0x00,0x00,0x00,0x00,0x00,0x00,0x00,0x00,0x5a,0x00,0x00,0x00,0x0d,
  0x00,0x00,0x00,0x0b,0x00,0x00,0x00,0x0b,0x00,0x00,0x00,0x0d,0x00,0x00,0x00,0x00,0x00,0x00,0x00,0x00,0x00,0x00,0x00,0x5b,
  0x00,0x00,0x00,0x11,0x00,0x00,0x00,0x05,0x00,0x00,0x00,0x06,0x00,0x00,0x00,0x0f,0x00,0x00,0x00,0x01,0x00,0x00,0x00,0x00,
  0x00,0x00,0x00,0x5c,0x00,0x00,0x00,0x10,0x00,0x00,0x00,0x07,0x00,0x00,0x00,0x06,0x00,0x00,0x00,0x0e,0x00,0x00,0x00,0x00,
  0x00,0x00,0x00,0x00,0x00,0x00,0x00,0x5d,0x00,0x00,0x00,0x11,0x00,0x00,0x00,0x05,0x00,0x00,0x00,0x06,0x00,0x00,0x00,0x0f,
  0x00,0x00,0x00,0x00,0x00,0x00,0x00,0x00,0x00,0x00,0x00,0x5e,0x00,0x00,0x00,0x06,0x00,0x00,0x00,0x08,0x00,0x00,0x00,0x08,
  0x00,0x00,0x00,0x0d,0x00,0x00,0x00,0x00,0x00,0x00,0x00,0x00,0x00,0x00,0x00,0x5f,0x00,0x00,0x00,0x02,0x00,0x00,0x00,0x08,
  0x00,0x00,0x00,0x08,0x00,0x00,0x00,0x00,0x00,0x00,0x00,0x00,0x00,0x00,0x00,0x00,0x00,0x00,0x00,0x60,0x00,0x00,0x00,0x03,
  0x00,0x00,0x00,0x04,0x00,0x00,0x00,0x06,0x00,0x00,0x00,0x0e,0x00,0x00,0x00,0x01,0x00,0x00,0x00,0x00,0x00,0x00,0x00,0x61,
  0x00,0x00,0x00,0x0a,0x00,0x00,0x00,0x09,0x00,0x00,0x00,0x0a,0x00,0x00,0x00,0x0a,0x00,0x00,0x00,0x00,0x00,0x00,0x00,0x00,
  0x00,0x00,0x00,0x62,0x00,0x00,0x00,0x0d,0x00,0x00,0x00,0x09,0x00,0x00,0x00,0x0b,0x00,0x00,0x00,0x0d,0x00,0x00,0x00,0x01,
  0x00,0x00,0x00,0x00,0x00,0x00,0x00,0x63,0x00,0x00,0x00,0x0a,0x00,0x00,0x00,0x0a,0x00,0x00,0x00,0x0a,0x00,0x00,0x00,0x0a,
  0x00,0x00,0x00,0x00,0x00,0x00,0x00,0x00,0x00,0x00,0x00,0x64,0x00,0x00,0x00,0x0d,0x00,0x00,0x00,0x0a,0x00,0x00,0x00,0x0b,
  0x00,0x00,0x00,0x0d,0x00,0x00,0x00,0x00,0x00,0x00,0x00,0x00,0x00,0x00,0x00,0x65,0x00,0x00,0x00,0x0a,0x00,0x00,0x00,0x0a,
  0x00,0x00,0x00,0x0a,0x00,0x00,0x00,0x0a,0x00,0x00,0x00,0x00,0x00,0x00,0x00,0x00,0x00,0x00,0x00,0x66,0x00,0x00,0x00,0x0e,
  0x00,0x00,0x00,0x07,0x00,0x00,0x00,0x07,0x00,0x00,0x00,0x0e,0x00,0x00,0x00,0x00,0x00,0x00,0x00,0x00,0x00,0x00,0x00,0x67,
  0x00,0x00,0x00,0x0e,0x00,0x00,0x00,0x0a,0x00,0x00,0x00,0x0b,0x00,0x00,0x00,0x0a,0x00,0x00,0x00,0x00,0x00,0x00,0x00,0x00,
  0x00,0x00,0x00,0x68,0x00,0x00,0x00,0x0d,0x00,0x00,0x00,0x09,0x00,0x00,0x00,0x0a,0x00,0x00,0x00,0x0d,0x00,0x00,0x00,0x01,
  0x00,0x00,0x00,0x00,0x00,0x00,0x00,0x69,0x00,0x00,0x00,0x0e,0x00,0x00,0x00,0x04,0x00,0x00,0x00,0x04,0x00,0x00,0x00,0x0e,
  0x00,0x00,0x00,0x00,0x00,0x00,0x00,0x00,0x00,0x00,0x00,0x6a,0x00,0x00,0x00,0x12,0x00,0x00,0x00,0x05,0x00,0x00,0x00,0x04,
  0x00,0x00,0x00,0x0e,0xff,0xff,0xff,0xff,0x00,0x00,0x00,0x00,0x00,0x00,0x00,0x6b,0x00,0x00,0x00,0x0d,0x00,0x00,0x00,0x09,
  0x00,0x00,0x00,0x0a,0x00,0x00,0x00,0x0d,0x00,0x00,0x00,0x01,0x00,0x00,0x00,0x00,0x00,0x00,0x00,0x6c,0x00,0x00,0x00,0x0d,
  0x00,0x00,0x00,0x03,0x00,0x00,0x00,0x04,0x00,0x00,0x00,0x0d,0x00,0x00,0x00,0x01,0x00,0x00,0x00,0x00,0x00,0x00,0x00,0x6d,
  0x00,0x00,0x00,0x0a,0x00,0x00,0x00,0x0e,0x00,0x00,0x00,0x0f,0x00,0x00,0x00,0x0a,0x00,0x00,0x00,0x01,0x00,0x00,0x00,0x00,
  0x00,0x00,0x00,0x6e,0x00,0x00,0x00,0x0a,0x00,0x00,0x00,0x09,0x00,0x00,0x00,0x0a,0x00,0x00,0x00,0x0a,0x00,0x00,0x00,0x01,
  0x00,0x00,0x00,0x00,0x00,0x00,0x00,0x6f,0x00,0x00,0x00,0x0a,0x00,0x00,0x00,0x0a,0x00,0x00,0x00,0x0a,0x00,0x00,0x00,0x0a,
  0x00,0x00,0x00,0x00,0x00,0x00,0x00,0x00,0x00,0x00,0x00,0x70,0x00,0x00,0x00,0x0e,0x00,0x00,0x00,0x09,0x00,0x00,0x00,0x0b,
  0x00,0x00,0x00,0x0a,0x00,0x00,0x00,0x01,0x00,0x00,0x00,0x00,0x00,0x00,0x00,0x71,0x00,0x00,0x00,0x0e,0x00,0x00,0x00,0x0a,
  0x00,0x00,0x00,0x0b,0x00,0x00,0x00,0x0a,0x00,0x00,0x00,0x00,0x00,0x00,0x00,0x00,0x00,0x00,0x00,0x72,0x00,0x00,0x00,0x0b,
  0x00,0x00,0x00,0x06,0x00,0x00,0x00,0x07,0x00,0x00,0x00,0x0b,0x00,0x00,0x00,0x01,0x00,0x00,0x00,0x00,0x00,0x00,0x00,0x73,
  0x00,0x00,0x00,0x0a,0x00,0x00,0x00,0x09,0x00,0x00,0x00,0x09,0x00,0x00,0x00,0x0a,0x00,0x00,0x00,0x00,0x00,0x00,0x00,0x00,
  0x00,0x00,0x00,0x74,0x00,0x00,0x00,0x0d,0x00,0x00,0x00,0x06,0x00,0x00,0x00,0x06,0x00,0x00,0x00,0x0d,0x00,0x00,0x00,0x00,
  0x00,0x00,0x00,0x00,0x00,0x00,0x00,0x75,0x00,0x00,0x00,0x0a,0x00,0x00,0x00,0x09,0x00,0x00,0x00,0x0a,0x00,0x00,0x00,0x0a,
  0x00,0x00,0x00,0x01,0x00,0x00,0x00,0x00,0x00,0x00,0x00,0x76,0x00,0x00,0x00,0x0a,0x00,0x00,0x00,0x0a,0x00,0x00,0x00,0x0a,
  0x00,0x00,0x00,0x0a,0x00,0x00,0x00,0x00,0x00,0x00,0x00,0x00,0x00,0x00,0x00,0x77,0x00,0x00,0x00,0x0a,0x00,0x00,0x00,0x0e,
  0x00,0x00,0x00,0x0e,0x00,0x00,0x00,0x0a,0x00,0x00,0x00,0x00,0x00,0x00,0x00,0x00,0x00,0x00,0x00,0x78,0x00,0x00,0x00,0x0a,
  0x00,0x00,0x00,0x0a,0x00,0x00,0x00,0x0a,0x00,0x00,0x00,0x0a,0x00,0x00,0x00,0x00,0x00,0x00,0x00,0x00,0x00,0x00,0x00,0x79,
  0x00,0x00,0x00,0x0e,0x00,0x00,0x00,0x0a,0x00,0x00,0x00,0x0a,0x00,0x00,0x00,0x0a,0x00,0x00,0x00,0x00,0x00,0x00,0x00,0x00,
  0x00,0x00,0x00,0x7a,0x00,0x00,0x00,0x0a,0x00,0x00,0x00,0x08,0x00,0x00,0x00,0x0a,0x00,0x00,0x00,0x0a,0x00,0x00,0x00,0x01,
  0x00,0x00,0x00,0x00,0x00,0x00,0x00,0x7b,0x00,0x00,0x00,0x11,0x00,0x00,0x00,0x06,0x00,0x00,0x00,0x08,0x00,0x00,0x00,0x0e,
  0x00,0x00,0x00,0x01,0x00,0x00,0x00,0x00,0x00,0x00,0x00,0x7c,0x00,0x00,0x00,0x16,0x00,0x00,0x00,0x03,0x00,0x00,0x00,0x06,
  0x00,0x00,0x00,0x12,0x00,0x00,0x00,0x02,0x00,0x00,0x00,0x00,0x00,0x00,0x00,0x7d,0x00,0x00,0x00,0x11,0x00,0x00,0x00,0x07,
  0x00,0x00,0x00,0x08,0x00,0x00,0x00,0x0e,0x00,0x00,0x00,0x00,0x00,0x00,0x00,0x00,0x00,0x00,0x00,0x7e,0x00,0x00,0x00,0x04,
  0x00,0x00,0x00,0x0a,0x00,0x00,0x00,0x0b,0x00,0x00,0x00,0x07,0x00,0x00,0x00,0x01,0x00,0x00,0x00,0x00,0x00,0x00,0x00,0xa0,
  0x00,0x00,0x00,0x00,0x00,0x00,0x00,0x00,0x00,0x00,0x00,0x04,0x00,0x00,0x00,0x00,0x00,0x00,0x00,0x00,0x00,0x00,0x00,0x00,
  0x00,0x00,0x00,0xa1,0x00,0x00,0x00,0x0d,0x00,0x00,0x00,0x04,0x00,0x00,0x00,0x05,0x00,0x00,0x00,0x0a,0x00,0x00,0x00,0x01,
  0x00,0x00,0x00,0x00,0x00,0x00,0x00,0xa2,0x00,0x00,0x00,0x0d,0x00,0x00,0x00,0x0a,0x00,0x00,0x00,0x0a,0x00,0x00,0x00,0x0d,
  0x00,0x00,0x00,0x00,0x00,0x00,0x00,0x00,0x00,0x00,0x00,0xa3,0x00,0x00,0x00,0x0d,0x00,0x00,0x00,0x0a,0x00,0x00,0x00,0x0b,
  0x00,0x00,0x00,0x0d,0x00,0x00,0x00,0x00,0x00,0x00,0x00,0x00,0x00,0x00,0x00,0xa4,0x00,0x00,0x00,0x0d,0x00,0x00,0x00,0x0b,
  0x00,0x00,0x00,0x0d,0x00,0x00,0x00,0x0c,0x00,0x00,0x00,0x01,0x00,0x00,0x00,0x00,0x00,0x00,0x00,0xa5,0x00,0x00,0x00,0x0d,
  0x00,0x00,0x00,0x0a,0x00,0x00,0x00,0x0a,0x00,0x00,0x00,0x0d,0x00,0x00,0x00,0x00,0x00,0x00,0x00,0x00,0x00,0x00,0x00,0xa6,
  0x00,0x00,0x00,0x10,0x00,0x00,0x00,0x03,0x00,0x00,0x00,0x05,0x00,0x00,0x00,0x0d,0x00,0x00,0x00,0x01,0x00,0x00,0x00,0x00,
  0x00,0x00,0x00,0xa7,0x00,0x00,0x00,0x10,0x00,0x00,0x00,0x09,0x00,0x00,0x00,0x0a,0x00,0x00,0x00,0x0d,0x00,0x00,0x00,0x00,
  0x00,0x00,0x00,0x00,0x00,0x00,0x00,0xa8,0x00,0x00,0x00,0x03,0x00,0x00,0x00,0x07,0x00,0x00,0x00,0x0a,0x00,0x00,0x00,0x0e,
  0x00,0x00,0x00,0x02,0x00,0x00,0x00,0x00,0x00,0x00,0x00,0xa9,0x00,0x00,0x00,0x0e,0x00,0x00,0x00,0x0e,0x00,0x00,0x00,0x10,
  0x00,0x00,0x00,0x0e,0x00,0x00,0x00,0x01,0x00,0x00,0x00,0x00,0x00,0x00,0x00,0xaa,0x00,0x00,0x00,0x07,0x00,0x00,0x00,0x07,
  0x00,0x00,0x00,0x08,0x00,0x00,0x00,0x0d,0x00,0x00,0x00,0x00,0x00,0x00,0x00,0x00,0x00,0x00,0x00,0xab,0x00,0x00,0x00,0x09,
  0x00,0x00,0x00,0x0b,0x00,0x00,0x00,0x0b,0x00,0x00,0x00,0x0a,0x00,0x00,0x00,0x00,0x00,0x00,0x00,0x00,0x00,0x00,0x00,0xac,
  0x00,0x00,0x00,0x05,0x00,0x00,0x00,0x09,0x00,0x00,0x00,0x0b,0x00,0x00,0x00,0x07,0x00,0x00,0x00,0x01,0x00,0x00,0x00,0x00,
  0x00,0x00,0x00,0xae,0x00,0x00,0x00,0x0c,0x00,0x00,0x00,0x0b,0x00,0x00,0x00,0x0b,0x00,0x00,0x00,0x0e,0x00,0x00,0x00,0x00,
  0x00,0x00,0x00,0x00,0x00,0x00,0x00,0xaf,0x00,0x00,0x00,0x02,0x00,0x00,0x00,0x06,0x00,0x00,0x00,0x08,0x00,0x00,0x00,0x0e,
  0x00,0x00,0x00,0x01,0x00,0x00,0x00,0x00,0x00,0x00,0x00,0xb0,0x00,0x00,0x00,0x06,0x00,0x00,0x00,0x06,0x00,0x00,0x00,0x08,
  0x00,0x00,0x00,0x0d,0x00,0x00,0x00,0x01,0x00,0x00,0x00,0x00,0x00,0x00,0x00,0xb1,0x00,0x00,0x00,0x0a,0x00,0x00,0x00,0x09,
  0x00,0x00,0x00,0x0b,0x00,0x00,0x00,0x0a,0x00,0x00,0x00,0x01,0x00,0x00,0x00,0x00,0x00,0x00,0x00,0xb2,0x00,0x00,0x00,0x07,
  0x00,0x00,0x00,0x07,0x00,0x00,0x00,0x08,0x00,0x00,0x00,0x0f,0x00,0x00,0x00,0x00,0x00,0x00,0x00,0x00,0x00,0x00,0x00,0xb3,
  0x00,0x00,0x00,0x07,0x00,0x00,0x00,0x08,0x00,0x00,0x00,0x08,0x00,0x00,0x00,0x0f,0x00,0x00,0x00,0x00,0x00,0x00,0x00,0x00,
  0x00,0x00,0x00,0xb4,0x00,0x00,0x00,0x03,0x00,0x00,0x00,0x04,0x00,0x00,0x00,0x06,0x00,0x00,0x00,0x0e,0x00,0x00,0x00,0x01,
  0x00,0x00,0x00,0x00,0x00,0x00,0x00,0xb5,0x00,0x00,0x00,0x0e,0x00,0x00,0x00,0x0a,0x00,0x00,0x00,0x0a,0x00,0x00,0x00,0x0a,
  0x00,0x00,0x00,0x01,0x00,0x00,0x00,0x00,0x00,0x00,0x00,0xb6,0x00,0x00,0x00,0x0d,0x00,0x00,0x00,0x09,0x00,0x00,0x00,0x0a,
  0x00,0x00,0x00,0x0d,0x00,0x00,0x00,0x00,0x00,0x00,0x00,0x00,0x00,0x00,0x00,0xb7,0x00,0x00,0x00,0x03,0x00,0x00,0x00,0x04,
  0x00,0x00,0x00,0x05,0x00,0x00,0x00,0x08,0x00,0x00,0x00,0x01,0x00,0x00,0x00,0x00,0x00,0x00,0x00,0xb8,0x00,0x00,0x00,0x04,
  0x00,0x00,0x00,0x04,0x00,0x00,0x00,0x06,0x00,0x00,0x00,0x00,0x00,0x00,0x00,0x01,0x00,0x00,0x00,0x00,0x00,0x00,0x00,0xb9,
  0x00,0x00,0x00,0x07,0x00,0x00,0x00,0x05,0x00,0x00,0x00,0x06,0x00,0x00,0x00,0x0f,0x00,0x00,0x00,0x00,0x00,0x00,0x00,0x00,
  0x00,0x00,0x00,0xba,0x00,0x00,0x00,0x07,0x00,0x00,0x00,0x08,0x00,0x00,0x00,0x08,0x00,0x00,0x00,0x0d,0x00,0x00,0x00,0x00,
  0x00,0x00,0x00,0x00,0x00,0x00,0x00,0xbb,0x00,0x00,0x00,0x09,0x00,0x00,0x00,0x0b,0x00,0x00,0x00,0x0b,0x00,0x00,0x00,0x0a,
  0x00,0x00,0x00,0x00,0x00,0x00,0x00,0x00,0x00,0x00,0x00,0xbc,0x00,0x00,0x00,0x0e,0x00,0x00,0x00,0x0e,0x00,0x00,0x00,0x0e,
  0x00,0x00,0x00,0x0d,0x00,0x00,0x00,0x00,0x00,0x00,0x00,0x00,0x00,0x00,0x00,0xbd,0x00,0x00,0x00,0x0e,0x00,0x00,0x00,0x0f,
  0x00,0x00,0x00,0x0f,0x00,0x00,0x00,0x0d,0x00,0x00,0x00,0x00,0x00,0x00,0x00,0x00,0x00,0x00,0x00,0xbe,0x00,0x00,0x00,0x0f,
  0x00,0x00,0x00,0x0f,0x00,0x00,0x00,0x0f,0x00,0x00,0x00,0x0e,0x00,0x00,0x00,0x00,0x00,0x00,0x00,0x00,0x00,0x00,0x00,0xbf,
  0x00,0x00,0x00,0x0e,0x00,0x00,0x00,0x09,0x00,0x00,0x00,0x09,0x00,0x00,0x00,0x0a,0x00,0x00,0x00,0x00,0x00,0x00,0x00,0x00,
  0x00,0x00,0x00,0xc0,0x00,0x00,0x00,0x11,0x00,0x00,0x00,0x0c,0x00,0x00,0x00,0x0c,0x00,0x00,0x00,0x11,0x00,0x00,0x00,0x00,
  0x00,0x00,0x00,0x00,0x00,0x00,0x00,0xc1,0x00,0x00,0x00,0x11,0x00,0x00,0x00,0x0c,0x00,0x00,0x00,0x0c,0x00,0x00,0x00,0x11,
  0x00,0x00,0x00,0x00,0x00,0x00,0x00,0x00,0x00,0x00,0x00,0xc2,0x00,0x00,0x00,0x11,0x00,0x00,0x00,0x0c,0x00,0x00,0x00,0x0c,
  0x00,0x00,0x00,0x11,0x00,0x00,0x00,0x00,0x00,0x00,0x00,0x00,0x00,0x00,0x00,0xc3,0x00,0x00,0x00,0x12,0x00,0x00,0x00,0x0c,
  0x00,0x00,0x00,0x0c,0x00,0x00,0x00,0x12,0x00,0x00,0x00,0x00,0x00,0x00,0x00,0x00,0x00,0x00,0x00,0xc4,0x00,0x00,0x00,0x11,
  0x00,0x00,0x00,0x0c,0x00,0x00,0x00,0x0c,0x00,0x00,0x00,0x11,0x00,0x00,0x00,0x00,0x00,0x00,0x00,0x00,0x00,0x00,0x00,0xc5,
  0x00,0x00,0x00,0x12,0x00,0x00,0x00,0x0c,0x00,0x00,0x00,0x0c,0x00,0x00,0x00,0x12,0x00,0x00,0x00,0x00,0x00,0x00,0x00,0x00,
  0x00,0x00,0x00,0xc6,0x00,0x00,0x00,0x0d,0x00,0x00,0x00,0x11,0x00,0x00,0x00,0x11,0x00,0x00,0x00,0x0d,0x00,0x00,0x00,0x00,
  0x00,0x00,0x00,0x00,0x00,0x00,0x00,0xc7,0x00,0x00,0x00,0x11,0x00,0x00,0x00,0x0c,0x00,0x00,0x00,0x0d,0x00,0x00,0x00,0x0d,
  0x00,0x00,0x00,0x00,0x00,0x00,0x00,0x00,0x00,0x00,0x00,0xc8,0x00,0x00,0x00,0x11,0x00,0x00,0x00,0x09,0x00,0x00,0x00,0x0a,
  0x00,0x00,0x00,0x11,0x00,0x00,0x00,0x01,0x00,0x00,0x00,0x00,0x00,0x00,0x00,0xc9,0x00,0x00,0x00,0x11,0x00,0x00,0x00,0x09,
  0x00,0x00,0x00,0x0a,0x00,0x00,0x00,0x11,0x00,0x00,0x00,0x01,0x00,0x00,0x00,0x00,0x00,0x00,0x00,0xca,0x00,0x00,0x00,0x11,
  0x00,0x00,0x00,0x09,0x00,0x00,0x00,0x0a,0x00,0x00,0x00,0x11,0x00,0x00,0x00,0x01,0x00,0x00,0x00,0x00,0x00,0x00,0x00,0xcb,
  0x00,0x00,0x00,0x11,0x00,0x00,0x00,0x09,0x00,0x00,0x00,0x0a,0x00,0x00,0x00,0x11,0x00,0x00,0x00,0x01,0x00,0x00,0x00,0x00,
  0x00,0x00,0x00,0xcc,0x00,0x00,0x00,0x11,0x00,0x00,0x00,0x05,0x00,0x00,0x00,0x05,0x00,0x00,0x00,0x11,0xff,0xff,0xff,0xff,
  0x00,0x00,0x00,0x00,0x00,0x00,0x00,0xcd,0x00,0x00,0x00,0x11,0x00,0x00,0x00,0x04,0x00,0x00,0x00,0x05,0x00,0x00,0x00,0x11,
  0x00,0x00,0x00,0x01,0x00,0x00,0x00,0x00,0x00,0x00,0x00,0xce,0x00,0x00,0x00,0x11,0x00,0x00,0x00,0x07,0x00,0x00,0x00,0x05,
  0x00,0x00,0x00,0x11,0xff,0xff,0xff,0xff,0x00,0x00,0x00,0x00,0x00,0x00,0x00,0xcf,0x00,0x00,0x00,0x11,0x00,0x00,0x00,0x07,
  0x00,0x00,0x00,0x05,0x00,0x00,0x00,0x11,0xff,0xff,0xff,0xff,0x00,0x00,0x00,0x00,0x00,0x00,0x00,0xd0,0x00,0x00,0x00,0x0d,
  0x00,0x00,0x00,0x0c,0x00,0x00,0x00,0x0d,0x00,0x00,0x00,0x0d,0x00,0x00,0x00,0x00,0x00,0x00,0x00,0x00,0x00,0x00,0x00,0xd1,
  0x00,0x00,0x00,0x12,0x00,0x00,0x00,0x0b,0x00,0x00,0x00,0x0d,0x00,0x00,0x00,0x12,0x00,0x00,0x00,0x01,0x00,0x00,0x00,0x00,
  0x00,0x00,0x00,0xd2,0x00,0x00,0x00,0x11,0x00,0x00,0x00,0x0d,0x00,0x00,0x00,0x0d,0x00,0x00,0x00,0x11,0x00,0x00,0x00,0x00,
  0x00,0x00,0x00,0x00,0x00,0x00,0x00,0xd3,0x00,0x00,0x00,0x11,0x00,0x00,0x00,0x0d,0x00,0x00,0x00,0x0d,0x00,0x00,0x00,0x11,
  0x00,0x00,0x00,0x00,0x00,0x00,0x00,0x00,0x00,0x00,0x00,0xd4,0x00,0x00,0x00,0x12,0x00,0x00,0x00,0x0d,0x00,0x00,0x00,0x0d,
  0x00,0x00,0x00,0x12,0x00,0x00,0x00,0x00,0x00,0x00,0x00,0x00,0x00,0x00,0x00,0xd5,0x00,0x00,0x00,0x12,0x00,0x00,0x00,0x0d,
  0x00,0x00,0x00,0x0d,0x00,0x00,0x00,0x12,0x00,0x00,0x00,0x00,0x00,0x00,0x00,0x00,0x00,0x00,0x00,0xd6,0x00,0x00,0x00,0x11,
  0x00,0x00,0x00,0x0d,0x00,0x00,0x00,0x0d,0x00,0x00,0x00,0x11,0x00,0x00,0x00,0x00,0x00,0x00,0x00,0x00,0x00,0x00,0x00,0xd7,
  0x00,0x00,0x00,0x0a,0x00,0x00,0x00,0x09,0x00,0x00,0x00,0x0b,0x00,0x00,0x00,0x0a,0x00,0x00,0x00,0x01,0x00,0x00,0x00,0x00,
  0x00,0x00,0x00,0xd8,0x00,0x00,0x00,0x0f,0x00,0x00,0x00,0x0d,0x00,0x00,0x00,0x0d,0x00,0x00,0x00,0x0e,0x00,0x00,0x00,0x00,
  0x00,0x00,0x00,0x00,0x00,0x00,0x00,0xd9,0x00,0x00,0x00,0x11,0x00,0x00,0x00,0x0b,0x00,0x00,0x00,0x0d,0x00,0x00,0x00,0x11,
  0x00,0x00,0x00,0x01,0x00,0x00,0x00,0x00,0x00,0x00,0x00,0xda,0x00,0x00,0x00,0x11,0x00,0x00,0x00,0x0b,0x00,0x00,0x00,0x0d,
  0x00,0x00,0x00,0x11,0x00,0x00,0x00,0x01,0x00,0x00,0x00,0x00,0x00,0x00,0x00,0xdb,0x00,0x00,0x00,0x12,0x00,0x00,0x00,0x0b,
  0x00,0x00,0x00,0x0d,0x00,0x00,0x00,0x12,0x00,0x00,0x00,0x01,0x00,0x00,0x00,0x00,0x00,0x00,0x00,0xdc,0x00,0x00,0x00,0x12,
  0x00,0x00,0x00,0x0b,0x00,0x00,0x00,0x0d,0x00,0x00,0x00,0x12,0x00,0x00,0x00,0x01,0x00,0x00,0x00,0x00,0x00,0x00,0x00,0xdd,
  0x00,0x00,0x00,0x11,0x00,0x00,0x00,0x0c,0x00,0x00,0x00,0x0c,0x00,0x00,0x00,0x11,0x00,0x00,0x00,0x00,0x00,0x00,0x00,0x00,
  0x00,0x00,0x00,0xde,0x00,0x00,0x00,0x0d,0x00,0x00,0x00,0x09,0x00,0x00,0x00,0x0b,0x00,0x00,0x00,0x0d,0x00,0x00,0x00,0x01,
  0x00,0x00,0x00,0x00,0x00,0x00,0x00,0xdf,0x00,0x00,0x00,0x0d,0x00,0x00,0x00,0x0a,0x00,0x00,0x00,0x0b,0x00,0x00,0x00,0x0d,
  0x00,0x00,0x00,0x01,0x00,0x00,0x00,0x00,0x00,0x00,0x00,0xe0,0x00,0x00,0x00,0x0e,0x00,0x00,0x00,0x09,0x00,0x00,0x00,0x0a,
  0x00,0x00,0x00,0x0e,0x00,0x00,0x00,0x00,0x00,0x00,0x00,0x00,0x00,0x00,0x00,0xe1,0x00,0x00,0x00,0x0e,0x00,0x00,0x00,0x09,
  0x00,0x00,0x00,0x0a,0x00,0x00,0x00,0x0e,0x00,0x00,0x00,0x00,0x00,0x00,0x00,0x00,0x00,0x00,0x00,0xe2,0x00,0x00,0x00,0x0e,
  0x00,0x00,0x00,0x09,0x00,0x00,0x00,0x0a,0x00,0x00,0x00,0x0e,0x00,0x00,0x00,0x00,0x00,0x00,0x00,0x00,0x00,0x00,0x00,0xe3,
  0x00,0x00,0x00,0x0e,0x00,0x00,0x00,0x09,0x00,0x00,0x00,0x0a,0x00,0x00,0x00,0x0e,0x00,0x00,0x00,0x00,0x00,0x00,0x00,0x00,
  0x00,0x00,0x00,0xe4,0x00,0x00,0x00,0x0e,0x00,0x00,0x00,0x09,0x00,0x00,0x00,0x0a,0x00,0x00,0x00,0x0e,0x00,0x00,0x00,0x00,
  0x00,0x00,0x00,0x00,0x00,0x00,0x00,0xe5,0x00,0x00,0x00,0x0f,0x00,0x00,0x00,0x09,0x00,0x00,0x00,0x0a,0x00,0x00,0x00,0x0f,
  0x00,0x00,0x00,0x00,0x00,0x00,0x00,0x00,0x00,0x00,0x00,0xe6,0x00,0x00,0x00,0x0a,0x00,0x00,0x00,0x0f,0x00,0x00,0x00,0x10,
  0x00,0x00,0x00,0x0a,0x00,0x00,0x00,0x00,0x00,0x00,0x00,0x00,0x00,0x00,0x00,0xe7,0x00,0x00,0x00,0x0e,0x00,0x00,0x00,0x0a,
  0x00,0x00,0x00,0x0a,0x00,0x00,0x00,0x0a,0x00,0x00,0x00,0x00,0x00,0x00,0x00,0x00,0x00,0x00,0x00,0xe8,0x00,0x00,0x00,0x0e,
  0x00,0x00,0x00,0x0a,0x00,0x00,0x00,0x0a,0x00,0x00,0x00,0x0e,0x00,0x00,0x00,0x00,0x00,0x00,0x00,0x00,0x00,0x00,0x00,0xe9,
  0x00,0x00,0x00,0x0e,0x00,0x00,0x00,0x0a,0x00,0x00,0x00,0x0a,0x00,0x00,0x00,0x0e,0x00,0x00,0x00,0x00,0x00,0x00,0x00,0x00,
  0x00,0x00,0x00,0xea,0x00,0x00,0x00,0x0e,0x00,0x00,0x00,0x0a,0x00,0x00,0x00,0x0a,0x00,0x00,0x00,0x0e,0x00,0x00,0x00,0x00,
  0x00,0x00,0x00,0x00,0x00,0x00,0x00,0xeb,0x00,0x00,0x00,0x0e,0x00,0x00,0x00,0x0a,0x00,0x00,0x00,0x0a,0x00,0x00,0x00,0x0e,
  0x00,0x00,0x00,0x00,0x00,0x00,0x00,0x00,0x00,0x00,0x00,0xec,0x00,0x00,0x00,0x0e,0x00,0x00,0x00,0x05,0x00,0x00,0x00,0x04,
  0x00,0x00,0x00,0x0e,0xff,0xff,0xff,0xff,0x00,0x00,0x00,0x00,0x00,0x00,0x00,0xed,0x00,0x00,0x00,0x0e,0x00,0x00,0x00,0x04,
  0x00,0x00,0x00,0x04,0x00,0x00,0x00,0x0e,0x00,0x00,0x00,0x01,0x00,0x00,0x00,0x00,0x00,0x00,0x00,0xee,0x00,0x00,0x00,0x0e,
  0x00,0x00,0x00,0x07,0x00,0x00,0x00,0x04,0x00,0x00,0x00,0x0e,0xff,0xff,0xff,0xff,0x00,0x00,0x00,0x00,0x00,0x00,0x00,0xef,
  0x00,0x00,0x00,0x0e,0x00,0x00,0x00,0x07,0x00,0x00,0x00,0x04,0x00,0x00,0x00,0x0e,0xff,0xff,0xff,0xff,0x00,0x00,0x00,0x00,
  0x00,0x00,0x00,0xf0,0x00,0x00,0x00,0x0f,0x00,0x00,0x00,0x0a,0x00,0x00,0x00,0x0a,0x00,0x00,0x00,0x0f,0x00,0x00,0x00,0x00,
  0x00,0x00,0x00,0x00,0x00,0x00,0x00,0xf1,0x00,0x00,0x00,0x0e,0x00,0x00,0x00,0x09,0x00,0x00,0x00,0x0a,0x00,0x00,0x00,0x0e,
  0x00,0x00,0x00,0x01,0x00,0x00,0x00,0x00,0x00,0x00,0x00,0xf2,0x00,0x00,0x00,0x0e,0x00,0x00,0x00,0x0a,0x00,0x00,0x00,0x0a,
  0x00,0x00,0x00,0x0e,0x00,0x00,0x00,0x00,0x00,0x00,0x00,0x00,0x00,0x00,0x00,0xf3,0x00,0x00,0x00,0x0e,0x00,0x00,0x00,0x0a,
  0x00,0x00,0x00,0x0a,0x00,0x00,0x00,0x0e,0x00,0x00,0x00,0x00,0x00,0x00,0x00,0x00,0x00,0x00,0x00,0xf4,0x00,0x00,0x00,0x0e,
  0x00,0x00,0x00,0x0a,0x00,0x00,0x00,0x0a,0x00,0x00,0x00,0x0e,0x00,0x00,0x00,0x00,0x00,0x00,0x00,0x00,0x00,0x00,0x00,0xf5,
  0x00,0x00,0x00,0x0e,0x00,0x00,0x00,0x0a,0x00,0x00,0x00,0x0a,0x00,0x00,0x00,0x0e,0x00,0x00,0x00,0x00,0x00,0x00,0x00,0x00,
  0x00,0x00,0x00,0xf6,0x00,0x00,0x00,0x0e,0x00,0x00,0x00,0x0a,0x00,0x00,0x00,0x0a,0x00,0x00,0x00,0x0e,0x00,0x00,0x00,0x00,
  0x00,0x00,0x00,0x00,0x00,0x00,0x00,0xf7,0x00,0x00,0x00,0x0a,0x00,0x00,0x00,0x09,0x00,0x00,0x00,0x0b,0x00,0x00,0x00,0x0a,
  0x00,0x00,0x00,0x01,0x00,0x00,0x00,0x00,0x00,0x00,0x00,0xf8,0x00,0x00,0x00,0x0c,0x00,0x00,0x00,0x0a,0x00,0x00,0x00,0x0a,
  0x00,0x00,0x00,0x0b,0x00,0x00,0x00,0x00,0x00,0x00,0x00,0x00,0x00,0x00,0x00,0xf9,0x00,0x00,0x00,0x0e,0x00,0x00,0x00,0x09,
  0x00,0x00,0x00,0x0a,0x00,0x00,0x00,0x0e,0x00,0x00,0x00,0x01,0x00,0x00,0x00,0x00,0x00,0x00,0x00,0xfa,0x00,0x00,0x00,0x0e,
  0x00,0x00,0x00,0x09,0x00,0x00,0x00,0x0a,0x00,0x00,0x00,0x0e,0x00,0x00,0x00,0x01,0x00,0x00,0x00,0x00,0x00,0x00,0x00,0xfb,
  0x00,0x00,0x00,0x0e,0x00,0x00,0x00,0x09,0x00,0x00,0x00,0x0a,0x00,0x00,0x00,0x0e,0x00,0x00,0x00,0x01,0x00,0x00,0x00,0x00,
  0x00,0x00,0x00,0xfc,0x00,0x00,0x00,0x0e,0x00,0x00,0x00,0x09,0x00,0x00,0x00,0x0a,0x00,0x00,0x00,0x0e,0x00,0x00,0x00,0x01,
  0x00,0x00,0x00,0x00,0x00,0x00,0x00,0xfd,0x00,0x00,0x00,0x12,0x00,0x00,0x00,0x0a,0x00,0x00,0x00,0x0a,0x00,0x00,0x00,0x0e,
  0x00,0x00,0x00,0x00,0x00,0x00,0x00,0x00,0x00,0x00,0x00,0xfe,0x00,0x00,0x00,0x11,0x00,0x00,0x00,0x09,0x00,0x00,0x00,0x0b,
  0x00,0x00,0x00,0x0d,0x00,0x00,0x00,0x01,0x00,0x00,0x00,0x00,0x00,0x00,0x00,0xff,0x00,0x00,0x00,0x12,0x00,0x00,0x00,0x0a,
  0x00,0x00,0x00,0x0a,0x00,0x00,0x00,0x0e,0x00,0x00,0x00,0x00,0x00,0x00,0x00,0x00,0x00,0x00,0x20,0x13,0x00,0x00,0x00,0x02,
  0x00,0x00,0x00,0x09,0x00,0x00,0x00,0x09,0x00,0x00,0x00,0x07,0x00,0x00,0x00,0x00,0x00,0x00,0x00,0x00,0x00,0x00,0x20,0x14,
  0x00,0x00,0x00,0x02,0x00,0x00,0x00,0x11,0x00,0x00,0x00,0x11,0x00,0x00,0x00,0x07,0x00,0x00,0x00,0x00,0x00,0x00,0x00,0x00,
  0x00,0x00,0x20,0x18,0x00,0x00,0x00,0x06,0x00,0x00,0x00,0x04,0x00,0x00,0x00,0x05,0x00,0x00,0x00,0x0d,0x00,0x00,0x00,0x01,
  0x00,0x00,0x00,0x00,0x00,0x00,0x20,0x19,0x00,0x00,0x00,0x06,0x00,0x00,0x00,0x04,0x00,0x00,0x00,0x05,0x00,0x00,0x00,0x0e,
  0x00,0x00,0x00,0x01,0x00,0x00,0x00,0x00,0x00,0x00,0x20,0x1a,0x00,0x00,0x00,0x06,0x00,0x00,0x00,0x03,0x00,0x00,0x00,0x05,
  0x00,0x00,0x00,0x02,0x00,0x00,0x00,0x01,0x00,0x00,0x00,0x00,0x00,0x00,0x20,0x1c,0x00,0x00,0x00,0x06,0x00,0x00,0x00,0x07,
  0x00,0x00,0x00,0x09,0x00,0x00,0x00,0x0d,0x00,0x00,0x00,0x01,0x00,0x00,0x00,0x00,0x00,0x00,0x20,0x1d,0x00,0x00,0x00,0x06,
  0x00,0x00,0x00,0x07,0x00,0x00,0x00,0x09,0x00,0x00,0x00,0x0e,0x00,0x00,0x00,0x01,0x00,0x00,0x00,0x00,0x00,0x00,0x20,0x1e,
  0x00,0x00,0x00,0x06,0x00,0x00,0x00,0x07,0x00,0x00,0x00,0x08,0x00,0x00,0x00,0x02,0x00,0x00,0x00,0x01,0x00,0x00,0x00,0x00,
  0x00,0x00,0x20,0x22,0x00,0x00,0x00,0x06,0x00,0x00,0x00,0x06,0x00,0x00,0x00,0x09,0x00,0x00,0x00,0x08,0x00,0x00,0x00,0x01,
  0x00,0x00,0x00,0x00,0x00,0x00,0x20,0x26,0x00,0x00,0x00,0x03,0x00,0x00,0x00,0x0e,0x00,0x00,0x00,0x10,0x00,0x00,0x00,0x03,
  0x00,0x00,0x00,0x01,0x00,0x00,0x00,0x00,0x00,0x00,0x20,0xac,0x00,0x00,0x00,0x0d,0x00,0x00,0x00,0x0b,0x00,0x00,0x00,0x0c,
  0x00,0x00,0x00,0x0d,0x00,0x00,0x00,0x00,0x00,0x00,0x00,0x00,0x00,0x00,0x21,0x90,0x00,0x00,0x00,0x0e,0x00,0x00,0x00,0x0e,
  0x00,0x00,0x00,0x10,0x00,0x00,0x00,0x0d,0x00,0x00,0x00,0x01,0x00,0x00,0x00,0x00,0x00,0x00,0x21,0x91,0x00,0x00,0x00,0x0d,
  0x00,0x00,0x00,0x0d,0x00,0x00,0x00,0x0f,0x00,0x00,0x00,0x0d,0x00,0x00,0x00,0x01,0x00,0x00,0x00,0x00,0x00,0x00,0x21,0x92,
  0x00,0x00,0x00,0x0e,0x00,0x00,0x00,0x0d,0x00,0x00,0x00,0x10,0x00,0x00,0x00,0x0d,0x00,0x00,0x00,0x02,0x00,0x00,0x00,0x00,
  0x00,0x00,0x21,0x93,0x00,0x00,0x00,0x0e,0x00,0x00,0x00,0x0d,0x00,0x00,0x00,0x0f,0x00,0x00,0x00,0x0d,0x00,0x00,0x00,0x01,
  0x00,0x00,0x00,0x00,0x00,0x00,0x22,0x12,0x00,0x00,0x00,0x03,0x00,0x00,0x00,0x09,0x00,0x00,0x00,0x0b,0x00,0x00,0x00,0x07,
  0x00,0x00,0x00,0x01,0x00,0x00,0x00,0x00,0x72,0xff,0xe5,0x00,0x6e,0xff,0xe1,0x00,0x69,0xff,0xdc,0x00,0x65,0xff,0xd8,0x00,
  0x60,0xff,0xd3,0x00,0x5c,0xff,0xcf,0x00,0x57,0xff,0xca,0x00,0x53,0xff,0xc6,0x00,0x4d,0xfc,0xbe,0x00,0x00,0x00,0x00,0x00,
  0x2c,0xbb,0x7c,0x00,0x94,0xff,0xff,0x08,0x48,0xef,0xb0,0x00,0x47,0xff,0xce,0x00,0xeb,0xff,0x2a,0x3c,0xff,0xc3,0x00,0xe0,
  0xff,0x1f,0x32,0xff,0xb9,0x00,0xd6,0xff,0x15,0x27,0xff,0xae,0x00,0xcb,0xff,0x0a,0x1d,0xff,0xa4,0x00,0xc1,0xfe,0x01,0x07,
  0x54,0x33,0x00,0x3d,0x51,0x00,0x00,0x00,0x00,0x9f,0xff,0x0e,0x00,0x47,0xff,0x68,0x00,0x00,0x00,0x00,0xcb,0xe1,0x00,0x00,
  0x73,0xff,0x3b,0x00,0x00,0x00,0x01,0xf4,0xb5,0x00,0x00,0x9e,0xff,0x0f,0x00,0x00,0xdd,0xff,0xff,0xff,0xff,0xff,0xff,0xff,
  0xff,0xa3,0x03,0xc9,0xdd,0xff,0xdd,0xcc,0xcc,0xff,0xef,0xcc,0x65,0x00,0x00,0x6d,0xff,0x40,0x00,0x14,0xff,0x98,0x00,0x00,
  0x00,0x00,0x90,0xff,0x1e,0x00,0x36,0xff,0x76,0x00,0x00,0x00,0x00,0xb3,0xfa,0x02,0x00,0x57,0xff,0x54,0x00,0x00,0x95,0xff,
  0xff,0xff,0xff,0xff,0xff,0xff,0xff,0xef,0x00,0x90,0xca,0xff,0xea,0xc8,0xc8,0xef,0xfe,0xc8,0x9e,0x00,0x00,0x27,0xff,0x86,
  0x00,0x00,0xcf,0xe1,0x00,0x00,0x00,0x00,0x51,0xff,0x5d,0x00,0x02,0xf6,0xb7,0x00,0x00,0x00,0x00,0x7b,0xff,0x34,0x00,0x23,
  0xff,0x8d,0x00,0x00,0x00,0x00,0x00,0x00,0x00,0x00,0xec,0x14,0x00,0x00,0x00,0x00,0x00,0x00,0x00,0x00,0x00,0xec,0x14,0x00,
  0x00,0x00,0x00,0x00,0x00,0x1d,0xa0,0xee,0xff,0xf3,0xc1,0x44,0x00,0x00,0x00,0x21,0xeb,0xff,0xfe,0xfe,0xfb,0xff,0xfe,0x50,
  0x00,0x00,0xa2,0xff,0xd0,0x1f,0xec,0x20,0xa2,0xff,0xde,0x00,0x00,0xd5,0xff,0x6c,0x00,0xec,0x14,0x14,0x9c,0x9c,0x09,0x00,
  0xbb,0xff,0xc3,0x18,0xec,0x14,0x00,0x00,0x00,0x00,0x00,0x47,0xfe,0xff,0xf7,0xfb,0x6f,0x11,0x00,0x00,0x00,0x00,0x00,0x41,
  0xc9,0xff,0xff,0xff,0xf8,0x99,0x0c,0x00,0x00,0x00,0x00,0x00,0x24,0xf2,0xc3,0xfe,0xff,0xb3,0x00,0x00,0x00,0x00,0x00,0x00,
  0xec,0x14,0x4a,0xff,0xff,0x24,0x24,0xe0,0xdf,0x12,0x00,0xec,0x14,0x06,0xfd,0xff,0x3c,0x04,0xec,0xff,0xa9,0x12,0xec,0x1f,
  0x96,0xff,0xfb,0x15,0x00,0x64,0xff,0xff,0xfc,0xfe,0xfb,0xff,0xff,0x89,0x00,0x00,0x00,0x50,0xc5,0xf5,0xff,0xf9,0xd1,0x6a,
  0x01,0x00,0x00,0x00,0x00,0x00,0x00,0xec,0x14,0x00,0x00,0x00,0x00,0x00,0x00,0x00,0x00,0x00,0xbf,0x10,0x00,0x00,0x00,0x00,
  0x00,0x61,0xe1,0xf7,0xbb,0x1c,0x00,0x00,0x00,0x00,0x64,0xfe,0x3d,0x00,0x00,0x27,0xfd,0xc6,0x84,0xf8,0xaf,0x00,0x00,0x00,
  0x1a,0xf0,0x94,0x00,0x00,0x00,0x55,0xff,0x47,0x00,0xbc,0xdd,0x00,0x00,0x00,0xb2,0xe0,0x0c,0x00,0x00,0x00,0x40,0xff,0x8f,
  0x33,0xe6,0xc8,0x00,0x00,0x5a,0xff,0x46,0x00,0x00,0x00,0x00,0x02,0xb4,0xff,0xff,0xf6,0x4a,0x00,0x15,0xeb,0x9e,0x00,0x00,
  0x00,0x00,0x00,0x00,0x01,0x36,0x4c,0x17,0x00,0x00,0xa9,0xe6,0x10,0x00,0x00,0x00,0x00,0x00,0x00,0x00,0x00,0x00,0x00,0x00,
  0x50,0xff,0x4f,0x00,0x00,0x15,0x0a,0x00,0x00,0x00,0x00,0x00,0x00,0x00,0x10,0xe6,0xa8,0x00,0x13,0xc3,0xff,0xf9,0x7d,0x00,
  0x00,0x00,0x00,0x00,0x00,0x9f,0xeb,0x15,0x00,0x94,0xfd,0x6d,0xab,0xff,0x2f,0x00,0x00,0x00,0x00,0x46,0xff,0x59,0x00,0x00,
  0xca,0xd0,0x00,0x37,0xff,0x62,0x00,0x00,0x00,0x0c,0xe0,0xb2,0x00,0x00,0x00,0xc8,0xd6,0x00,0x3e,0xff,0x60,0x00,0x00,0x00,
  0x95,0xf0,0x1a,0x00,0x00,0x00,0x8a,0xff,0x93,0xc4,0xfc,0x25,0x00,0x00,0x3d,0xfe,0x63,0x00,0x00,0x00,0x00,0x0c,0xa6,0xf5,
  0xe4,0x62,0x00,0x00,0x00,0x16,0xa4,0xf0,0xf2,0xab,0x1a,0x00,0x00,0x00,0x00,0x00,0x00,0xc5,0xff,0xf8,0xf5,0xff,0xca,0x00,
  0x00,0x00,0x00,0x00,0x23,0xff,0xea,0x15,0x0c,0xdc,0xff,0x1f,0x00,0x00,0x00,0x00,0x24,0xff,0xce,0x00,0x00,0xc9,0xfc,0x11,
  0x00,0x00,0x00,0x00,0x00,0xd2,0xfc,0x2e,0x7f,0xff,0x94,0x00,0x00,0x00,0x00,0x00,0x00,0x37,0xfe,0xf5,0xff,0x95,0x04,0x00,
  0x00,0x00,0x00,0x00,0x07,0xa3,0xff,0xff,0xee,0x1d,0x00,0x2f,0x60,0x24,0x00,0x00,0x99,0xff,0xd0,0x9f,0xff,0xce,0x0a,0x92,
  0xff,0x55,0x00,0x20,0xff,0xfa,0x1b,0x04,0xbd,0xff,0xa9,0xd6,0xff,0x2d,0x00,0x3c,0xff,0xec,0x00,0x00,0x12,0xdc,0xff,0xff,
  0xdb,0x01,0x00,0x15,0xfb,0xff,0x67,0x00,0x07,0x8e,0xff,0xff,0x7c,0x00,0x00,0x00,0x8d,0xff,0xff,0xf2,0xfb,0xff,0xfb,0xfe,
  0xeb,0x1a,0x00,0x00,0x01,0x6b,0xd2,0xf7,0xee,0xb0,0x35,0x90,0xff,0xbf,0x02,0x47,0xff,0xce,0x3c,0xff,0xc3,0x32,0xff,0xb9,
  0x27,0xff,0xae,0x1d,0xff,0xa4,0x07,0x54,0x33,0x00,0x00,0x2f,0x70,0x45,0x00,0x00,0xc7,0xff,0x5a,0x00,0x32,0xff,0xf1,0x09,
  0x00,0x86,0xff,0xa2,0x00,0x00,0xc7,0xff,0x65,0x00,0x0b,0xfb,0xff,0x2a,0x00,0x3b,0xff,0xf6,0x01,0x00,0x5c,0xff,0xdf,0x00,
  0x00,0x6d,0xff,0xca,0x00,0x00,0x6e,0xff,0xc3,0x00,0x00,0x5d,0xff,0xd9,0x00,0x00,0x3f,0xff,0xf2,0x01,0x00,0x0e,0xfe,0xff,
  0x2f,0x00,0x00,0xcc,0xff,0x70,0x00,0x00,0x74,0xff,0xbe,0x00,0x00,0x16,0xf6,0xfd,0x1d,0x00,0x00,0x8f,0xff,0x80,0x1f,0x70,
  0x55,0x00,0x00,0x0d,0xf6,0xfc,0x24,0x00,0x00,0xa7,0xff,0x89,0x00,0x00,0x4e,0xff,0xdd,0x00,0x00,0x11,0xfe,0xff,0x1c,0x00,
  0x00,0xd4,0xff,0x5b,0x00,0x00,0xa0,0xff,0x8f,0x00,0x00,0x88,0xff,0xb1,0x00,0x00,0x73,0xff,0xc3,0x00,0x00,0x6c,0xff,0xc5,
  0x00,0x00,0x82,0xff,0xb4,0x00,0x00,0x9e,0xff,0x96,0x00,0x00,0xda,0xff,0x62,0x00,0x1b,0xff,0xff,0x22,0x00,0x69,0xff,0xc9,
  0x00,0x00,0xc3,0xff,0x62,0x00,0x29,0xff,0xe1,0x05,0x00,0x00,0x00,0x1e,0xff,0x49,0x00,0x00,0x3c,0x6f,0x11,0xff,0x3d,0x4f,
  0x5b,0x86,0xff,0xbe,0xff,0xbe,0xff,0xb2,0x00,0x3e,0xe9,0xff,0xf9,0x5c,0x01,0x43,0xcd,0xf8,0xff,0xf8,0xe0,0x5d,0x76,0xd1,
  0x36,0xff,0x50,0xb7,0xa1,0x07,0x06,0x18,0xff,0x44,0x00,0x0c,0x00,0x00,0x0d,0x68,0x1f,0x00,0x00,0x00,0x00,0x00,0x38,0xff,
  0xa8,0x00,0x00,0x00,0x00,0x00,0x00,0x38,0xff,0xa8,0x00,0x00,0x00,0x00,0x00,0x00,0x38,0xff,0xa8,0x00,0x00,0x00,0x67,0xe4,
  0xe4,0xea,0xff,0xf6,0xe4,0xe4,0xcb,0x74,0xff,0xff,0xff,0xff,0xff,0xff,0xff,0xe4,0x00,0x00,0x00,0x38,0xff,0xa8,0x00,0x00,
  0x00,0x00,0x00,0x00,0x38,0xff,0xa8,0x00,0x00,0x00,0x00,0x00,0x00,0x38,0xff,0xa8,0x00,0x00,0x00,0x00,0x00,0x00,0x31,0xe4,
  0x95,0x00,0x00,0x00,0x16,0x54,0x4d,0x5d,0xff,0xbe,0x81,0xff,0x79,0xa4,0xff,0x34,0xc7,0xed,0x02,0xea,0xaa,0x00,0xc0,0xe8,
  0xe8,0xe8,0xe8,0xaa,0xd4,0xff,0xff,0xff,0xff,0xbc,0x2d,0xc2,0x78,0x00,0x94,0xff,0xfd,0x03,0x44,0xee,0xa3,0x00,0x00,0x00,
  0x00,0x00,0xdc,0xfb,0x0c,0x00,0x00,0x00,0x1b,0xff,0xc8,0x00,0x00,0x00,0x00,0x5c,0xff,0x88,0x00,0x00,0x00,0x00,0x9c,0xff,
  0x48,0x00,0x00,0x00,0x00,0xdb,0xfb,0x0c,0x00,0x00,0x00,0x1a,0xff,0xc9,0x00,0x00,0x00,0x00,0x5b,0xff,0x89,0x00,0x00,0x00,
  0x00,0x9b,0xff,0x49,0x00,0x00,0x00,0x00,0xda,0xfc,0x0d,0x00,0x00,0x00,0x1a,0xff,0xca,0x00,0x00,0x00,0x00,0x5a,0xff,0x8a,
  0x00,0x00,0x00,0x00,0x9a,0xff,0x4a,0x00,0x00,0x00,0x00,0xd9,0xfc,0x0e,0x00,0x00,0x00,0x19,0xff,0xcb,0x00,0x00,0x00,0x00,
  0x59,0xff,0x8b,0x00,0x00,0x00,0x00,0x98,0xff,0x4b,0x00,0x00,0x00,0x00,0x00,0x00,0x05,0x78,0xd9,0xf8,0xe4,0x95,0x12,0x00,
  0x00,0x00,0x00,0xac,0xff,0xff,0xfe,0xff,0xff,0xd5,0x0f,0x00,0x00,0x55,0xff,0xfc,0x59,0x02,0x36,0xe8,0xff,0x8c,0x00,0x00,
  0xba,0xff,0xa2,0x00,0x00,0x00,0x6a,0xff,0xed,0x04,0x02,0xf4,0xff,0x4e,0x00,0x00,0x00,0x17,0xff,0xff,0x2d,0x16,0xff,0xff,
  0x2d,0x00,0x00,0x00,0x00,0xf5,0xff,0x4e,0x21,0xff,0xff,0x1d,0x00,0x00,0x00,0x00,0xe5,0xff,0x58,0x16,0xff,0xff,0x2c,0x00,
  0x00,0x00,0x00,0xf5,0xff,0x4e,0x02,0xf4,0xff,0x4c,0x00,0x00,0x00,0x16,0xff,0xff,0x2e,0x00,0xbc,0xff,0x9d,0x00,0x00,0x00,
  0x69,0xff,0xee,0x05,0x00,0x57,0xff,0xfa,0x55,0x02,0x34,0xe7,0xff,0x8f,0x00,0x00,0x00,0xaf,0xff,0xff,0xfd,0xff,0xff,0xd7,
  0x10,0x00,0x00,0x00,0x06,0x7b,0xda,0xf9,0xe6,0x96,0x13,0x00,0x00,0x00,0x00,0x42,0xe7,0xff,0xf4,0x02,0x7e,0xfd,0xff,0xff,
  0xf4,0x37,0xff,0xe2,0x7a,0xff,0xf4,0x38,0xb4,0x12,0x40,0xff,0xf4,0x09,0x01,0x00,0x40,0xff,0xf4,0x00,0x00,0x00,0x40,0xff,
  0xf4,0x00,0x00,0x00,0x40,0xff,0xf4,0x00,0x00,0x00,0x40,0xff,0xf4,0x00,0x00,0x00,0x40,0xff,0xf4,0x00,0x00,0x00,0x40,0xff,
  0xf4,0x00,0x00,0x00,0x40,0xff,0xf4,0x00,0x00,0x00,0x40,0xff,0xf4,0x00,0x00,0x00,0x40,0xff,0xf4,0x00,0x25,0xa8,0xeb,0xf7,
  0xd2,0x6c,0x02,0x00,0x25,0xf0,0xff,0xfe,0xf8,0xff,0xff,0x9a,0x00,0xa8,0xff,0xbe,0x14,0x02,0x67,0xff,0xff,0x28,0xe4,0xff,
  0x3e,0x00,0x00,0x00,0xd2,0xff,0x5a,0x07,0x08,0x01,0x00,0x00,0x00,0xde,0xff,0x48,0x00,0x00,0x00,0x00,0x00,0x5b,0xff,0xe4,
  0x07,0x00,0x00,0x00,0x00,0x38,0xf5,0xfe,0x4b,0x00,0x00,0x00,0x00,0x33,0xef,0xff,0x76,0x00,0x00,0x00,0x00,0x31,0xee,0xff,
  0x86,0x00,0x00,0x00,0x00,0x2f,0xed,0xff,0x94,0x00,0x00,0x00,0x00,0x2e,0xec,0xff,0xa6,0x05,0x04,0x04,0x04,0x02,0xd8,0xff,
  0xff,0xff,0xff,0xff,0xff,0xff,0x94,0xe4,0xff,0xff,0xff,0xff,0xff,0xff,0xff,0x94,0x00,0x00,0x20,0x9e,0xe5,0xf9,0xe0,0x8d,
  0x0f,0x00,0x00,0x26,0xed,0xff,0xff,0xf5,0xff,0xff,0xcf,0x07,0x00,0xa7,0xff,0xc0,0x1c,0x00,0x34,0xef,0xff,0x5b,0x00,0x62,
  0x78,0x29,0x00,0x00,0x00,0xb2,0xff,0x78,0x00,0x00,0x00,0x00,0x00,0x00,0x2f,0xee,0xfe,0x36,0x00,0x00,0x00,0x00,0xc3,0xde,
  0xfe,0xe1,0x5b,0x00,0x00,0x00,0x00,0x00,0xec,0xff,0xff,0xdf,0x79,0x02,0x00,0x00,0x00,0x00,0x00,0x0b,0x4e,0xed,0xff,0x7d,
  0x00,0x00,0x00,0x00,0x00,0x00,0x00,0x74,0xff,0xdd,0x09,0xbf,0xc0,0x2b,0x00,0x00,0x00,0x6d,0xff,0xea,0x00,0xd4,0xff,0xc2,
  0x25,0x03,0x3b,0xe5,0xff,0xad,0x00,0x42,0xf9,0xff,0xff,0xfe,0xff,0xff,0xe9,0x24,0x00,0x00,0x2f,0xab,0xe9,0xfa,0xe1,0x97,
  0x19,0x00,0x00,0x00,0x00,0x00,0x00,0x2a,0xfb,0xff,0xe8,0x00,0x00,0x00,0x00,0x00,0x00,0x00,0xba,0xff,0xff,0xe8,0x00,0x00,
  0x00,0x00,0x00,0x00,0x4f,0xff,0xf5,0xff,0xe8,0x00,0x00,0x00,0x00,0x00,0x07,0xdc,0xff,0x7a,0xff,0xe8,0x00,0x00,0x00,0x00,
  0x00,0x78,0xff,0xb8,0x30,0xff,0xe8,0x00,0x00,0x00,0x00,0x18,0xf2,0xfb,0x2a,0x30,0xff,0xe8,0x00,0x00,0x00,0x00,0xa0,0xff,
  0x94,0x00,0x30,0xff,0xe8,0x00,0x00,0x00,0x36,0xfe,0xef,0x13,0x00,0x30,0xff,0xe8,0x00,0x00,0x01,0xc7,0xff,0x70,0x00,0x00,
  0x30,0xff,0xe8,0x00,0x00,0x1b,0xff,0xff,0xff,0xff,0xff,0xff,0xff,0xff,0xff,0x80,0x1a,0xf0,0xf0,0xf0,0xf0,0xf0,0xf3,0xff,
  0xfe,0xf0,0x78,0x00,0x00,0x00,0x00,0x00,0x00,0x38,0xff,0xe8,0x00,0x00,0x00,0x00,0x00,0x00,0x00,0x00,0x38,0xff,0xe8,0x00,
  0x00,0x00,0x4d,0xff,0xff,0xff,0xff,0xff,0xff,0xe8,0x00,0x00,0x66,0xff,0xfe,0xfc,0xfc,0xfc,0xfc,0xe4,0x00,0x00,0x80,0xff,
  0x88,0x00,0x00,0x00,0x00,0x00,0x00,0x00,0x99,0xff,0x6b,0x00,0x00,0x00,0x00,0x00,0x00,0x00,0xb2,0xff,0x6d,0x9f,0xd0,0xb7,
  0x53,0x00,0x00,0x00,0xcc,0xff,0xfa,0xff,0xff,0xff,0xff,0x7c,0x00,0x00,0x7a,0xb6,0x88,0x1d,0x16,0x95,0xff,0xfc,0x21,0x00,
  0x00,0x00,0x00,0x00,0x00,0x02,0xd4,0xff,0x6d,0x00,0x00,0x00,0x00,0x00,0x00,0x00,0xa2,0xff,0x84,0x0d,0xc0,0xc0,0x17,0x00,
  0x00,0x00,0xc7,0xff,0x6c,0x00,0xda,0xff,0xa6,0x0c,0x03,0x72,0xff,0xfc,0x1e,0x00,0x48,0xfb,0xff,0xfb,0xf7,0xff,0xff,0x77,
  0x00,0x00,0x00,0x36,0xb4,0xef,0xf4,0xc7,0x54,0x00,0x00,0x00,0x00,0x00,0x5f,0xcd,0xf5,0xe9,0xa0,0x1e,0x00,0x00,0x00,0x00,
  0x87,0xff,0xff,0xff,0xff,0xff,0xe8,0x1f,0x00,0x00,0x32,0xfe,0xf8,0x5f,0x10,0x30,0xcf,0xff,0xa2,0x00,0x00,0xa1,0xff,0x89,
  0x00,0x00,0x00,0x24,0x64,0x55,0x00,0x00,0xe5,0xff,0x31,0x5c,0xb7,0xc3,0x89,0x14,0x00,0x00,0x0a,0xff,0xff,0x95,0xff,0xff,
  0xff,0xff,0xdd,0x12,0x00,0x1c,0xff,0xff,0xfa,0x5a,0x09,0x3e,0xee,0xff,0x93,0x00,0x1b,0xff,0xff,0x7f,0x00,0x00,0x00,0x59,
  0xff,0xe5,0x00,0x08,0xfd,0xff,0x4b,0x00,0x00,0x00,0x27,0xff,0xfc,0x00,0x00,0xcf,0xff,0x76,0x00,0x00,0x00,0x53,0xff,0xe3,
  0x00,0x00,0x6f,0xff,0xf4,0x3d,0x00,0x2c,0xe8,0xff,0x90,0x00,0x00,0x05,0xc4,0xff,0xff,0xf0,0xfe,0xff,0xdd,0x11,0x00,0x00,
  0x00,0x0a,0x86,0xde,0xfa,0xe3,0x95,0x13,0x00,0x00,0x50,0xff,0xff,0xff,0xff,0xff,0xff,0xff,0xff,0x1c,0x50,0xff,0xff,0xff,
  0xff,0xff,0xff,0xff,0xff,0x1c,0x02,0x08,0x08,0x08,0x08,0x08,0x74,0xff,0xdf,0x04,0x00,0x00,0x00,0x00,0x00,0x05,0xe2,0xff,
  0x68,0x00,0x00,0x00,0x00,0x00,0x00,0x63,0xff,0xe6,0x07,0x00,0x00,0x00,0x00,0x00,0x03,0xdb,0xff,0x72,0x00,0x00,0x00,0x00,
  0x00,0x00,0x59,0xff,0xec,0x0b,0x00,0x00,0x00,0x00,0x00,0x01,0xd2,0xff,0x7c,0x00,0x00,0x00,0x00,0x00,0x00,0x4f,0xff,0xf1,
  0x10,0x00,0x00,0x00,0x00,0x00,0x00,0xc9,0xff,0x86,0x00,0x00,0x00,0x00,0x00,0x00,0x45,0xff,0xf5,0x15,0x00,0x00,0x00,0x00,
  0x00,0x00,0xc0,0xff,0x90,0x00,0x00,0x00,0x00,0x00,0x00,0x3a,0xff,0xf9,0x1c,0x00,0x00,0x00,0x00,0x00,0x00,0x00,0x1e,0x9d,
  0xe6,0xf9,0xdf,0x8c,0x11,0x00,0x00,0x00,0x20,0xea,0xff,0xfb,0xe5,0xfd,0xff,0xd8,0x0e,0x00,0x00,0x91,0xff,0xd5,0x18,0x00,
  0x25,0xe8,0xff,0x6f,0x00,0x00,0xa7,0xff,0x84,0x00,0x00,0x00,0xa5,0xff,0x87,0x00,0x00,0x60,0xff,0xcf,0x0f,0x00,0x1c,0xe5,
  0xff,0x40,0x00,0x00,0x01,0x81,0xf2,0xf2,0xd1,0xf6,0xec,0x6a,0x00,0x00,0x00,0x04,0x95,0xf3,0xff,0xff,0xff,0xed,0x7b,0x00,
  0x00,0x00,0x8f,0xff,0xd8,0x37,0x0b,0x47,0xe9,0xff,0x69,0x00,0x0b,0xfa,0xff,0x45,0x00,0x00,0x00,0x6a,0xff,0xe6,0x00,0x1a,
  0xff,0xff,0x31,0x00,0x00,0x00,0x56,0xff,0xfb,0x01,0x01,0xe3,0xff,0xaf,0x0b,0x00,0x15,0xc9,0xff,0xc6,0x00,0x00,0x4d,0xfb,
  0xff,0xf4,0xd9,0xf8,0xff,0xf3,0x35,0x00,0x00,0x00,0x32,0xab,0xe9,0xfa,0xe4,0xa0,0x23,0x00,0x00,0x00,0x00,0x27,0xa5,0xe8,
  0xf8,0xd4,0x72,0x02,0x00,0x00,0x00,0x35,0xf5,0xff,0xff,0xf8,0xff,0xff,0xa5,0x00,0x00,0x00,0xcb,0xff,0xc5,0x1a,0x00,0x4d,
  0xf3,0xff,0x4b,0x00,0x11,0xff,0xff,0x20,0x00,0x00,0x00,0x7d,0xff,0xab,0x00,0x18,0xff,0xff,0x17,0x00,0x00,0x00,0x77,0xff,
  0xe3,0x00,0x01,0xe1,0xff,0xaa,0x06,0x00,0x33,0xea,0xff,0xf9,0x00,0x00,0x59,0xff,0xff,0xef,0xd9,0xfd,0xb7,0xff,0xfb,0x00,
  0x00,0x00,0x4f,0xcb,0xf7,0xe1,0x7a,0x40,0xff,0xe9,0x00,0x00,0x00,0x00,0x00,0x00,0x00,0x00,0x6a,0xff,0xc4,0x00,0x00,0xda,
  0xec,0x4a,0x00,0x00,0x00,0xc7,0xff,0x80,0x00,0x00,0x9f,0xff,0xda,0x36,0x19,0x8c,0xff,0xf6,0x1a,0x00,0x00,0x1b,0xe6,0xff,
  0xff,0xff,0xff,0xff,0x66,0x00,0x00,0x00,0x00,0x1c,0xa4,0xeb,0xf3,0xc6,0x4d,0x00,0x00,0x00,0x2b,0xbe,0x75,0x00,0x94,0xff,
  0xfc,0x03,0x44,0xee,0xa3,0x00,0x00,0x00,0x00,0x00,0x00,0x00,0x00,0x00,0x00,0x00,0x00,0x00,0x00,0x00,0x00,0x00,0x2d,0xc2,
  0x78,0x00,0x94,0xff,0xfd,0x03,0x44,0xee,0xa3,0x00,0x14,0xb2,0x96,0x01,0x64,0xff,0xff,0x2b,0x24,0xe3,0xc6,0x07,0x00,0x00,
  0x00,0x00,0x00,0x00,0x00,0x00,0x00,0x00,0x00,0x00,0x00,0x00,0x00,0x00,0x16,0x54,0x4d,0x00,0x5d,0xff,0xbe,0x00,0x81,0xff,
  0x79,0x00,0xa4,0xff,0x34,0x00,0xc7,0xed,0x02,0x00,0xea,0xaa,0x00,0x00,0x00,0x00,0x00,0x00,0x00,0x00,0x00,0x00,0x0a,0x00,
  0x00,0x00,0x00,0x00,0x00,0x27,0xa2,0xa4,0x00,0x00,0x00,0x00,0x2a,0xa6,0xfd,0xff,0xa8,0x00,0x00,0x2d,0xa9,0xfd,0xff,0xf8,
  0x9b,0x26,0x2b,0xad,0xfe,0xff,0xed,0x84,0x17,0x00,0x00,0x98,0xff,0xf9,0x6f,0x0b,0x00,0x00,0x00,0x00,0x7f,0xff,0xff,0xda,
  0x67,0x08,0x00,0x00,0x00,0x00,0x3a,0xb9,0xff,0xff,0xe9,0x7c,0x12,0x00,0x00,0x00,0x00,0x38,0xb6,0xff,0xff,0xf4,0x6c,0x00,
  0x00,0x00,0x00,0x00,0x35,0xb3,0xff,0xa8,0x00,0x00,0x00,0x00,0x00,0x00,0x00,0x32,0x65,0x48,0xff,0xff,0xff,0xff,0xff,0xff,
  0xff,0xbc,0x44,0xf4,0xf4,0xf4,0xf4,0xf4,0xf4,0xf4,0xb3,0x00,0x00,0x00,0x00,0x00,0x00,0x00,0x00,0x00,0x00,0x00,0x00,0x00,
  0x00,0x00,0x00,0x00,0x00,0x45,0xf8,0xf8,0xf8,0xf8,0xf8,0xf8,0xf8,0xb6,0x48,0xff,0xff,0xff,0xff,0xff,0xff,0xff,0xbc,0x07,
  0x02,0x00,0x00,0x00,0x00,0x00,0x00,0x00,0x00,0x34,0xd8,0x5c,0x03,0x00,0x00,0x00,0x00,0x00,0x00,0x34,0xff,0xff,0xda,0x60,
  0x04,0x00,0x00,0x00,0x00,0x06,0x66,0xd8,0xff,0xff,0xdd,0x63,0x05,0x00,0x00,0x00,0x00,0x01,0x4f,0xc3,0xff,0xff,0xe0,0x66,
  0x01,0x00,0x00,0x00,0x00,0x00,0x37,0xc5,0xff,0xff,0x08,0x00,0x00,0x00,0x00,0x31,0xa5,0xfb,0xff,0xe9,0x05,0x00,0x00,0x46,
  0xbb,0xff,0xff,0xe7,0x72,0x0a,0x00,0x1c,0xd1,0xff,0xff,0xe6,0x70,0x09,0x00,0x00,0x00,0x34,0xff,0xe4,0x6d,0x08,0x00,0x00,
  0x00,0x00,0x00,0x25,0x6b,0x07,0x00,0x00,0x00,0x00,0x00,0x00,0x00,0x00,0x07,0x80,0xdc,0xf9,0xe4,0x95,0x12,0x00,0x00,0xa9,
  0xff,0xff,0xef,0xff,0xff,0xcd,0x03,0x26,0xff,0xfc,0x45,0x00,0x3c,0xfa,0xff,0x48,0x2b,0x94,0x7c,0x00,0x00,0x00,0xd7,0xff,
  0x63,0x00,0x00,0x00,0x00,0x00,0x36,0xfb,0xff,0x34,0x00,0x00,0x00,0x00,0x57,0xf5,0xff,0x9e,0x00,0x00,0x00,0x00,0x47,0xff,
  0xfb,0x74,0x01,0x00,0x00,0x00,0x00,0xae,0xff,0x7c,0x00,0x00,0x00,0x00,0x00,0x00,0xae,0xe4,0x37,0x00,0x00,0x00,0x00,0x00,
  0x00,0x00,0x00,0x00,0x00,0x00,0x00,0x00,0x00,0x00,0x85,0xb8,0x24,0x00,0x00,0x00,0x00,0x00,0x18,0xff,0xff,0x88,0x00,0x00,
  0x00,0x00,0x00,0x02,0xb9,0xed,0x3d,0x00,0x00,0x00,0x00,0x00,0x00,0x00,0x0d,0x70,0xbf,0xeb,0xfb,0xec,0xca,0x7e,0x15,0x00,
  0x00,0x00,0x00,0x00,0x00,0x00,0x34,0xe5,0xff,0xff,0xe1,0xcb,0xda,0xf7,0xff,0xf1,0x58,0x00,0x00,0x00,0x00,0x00,0x38,0xf6,
  0xfe,0x94,0x20,0x00,0x00,0x00,0x0a,0x66,0xef,0xfe,0x5a,0x00,0x00,0x00,0x08,0xd7,0xff,0x5f,0x00,0x00,0x00,0x00,0x00,0x00,
  0x00,0x27,0xef,0xf4,0x1a,0x00,0x00,0x61,0xff,0xa4,0x00,0x00,0x46,0xac,0xbe,0x77,0x6e,0xc8,0x09,0x68,0xff,0x8b,0x00,0x00,
  0xb5,0xff,0x31,0x00,0x5d,0xfe,0xff,0xff,0xff,0xf3,0xff,0x0c,0x0b,0xf6,0xd9,0x00,0x00,0xf2,0xec,0x00,0x05,0xed,0xee,0x41,
  0x0c,0x57,0xfd,0xff,0x0c,0x00,0xc6,0xff,0x08,0x0a,0xff,0xc8,0x00,0x3b,0xff,0x81,0x00,0x00,0x00,0xb9,0xff,0x0c,0x00,0xae,
  0xff,0x1a,0x1e,0xff,0xbb,0x00,0x52,0xff,0x57,0x00,0x00,0x00,0x9b,0xff,0x0c,0x00,0xad,0xff,0x0d,0x0e,0xff,0xc7,0x00,0x43,
  0xff,0x6c,0x00,0x00,0x00,0xae,0xff,0x0c,0x00,0xc2,0xf6,0x00,0x00,0xf5,0xea,0x00,0x0f,0xfa,0xc7,0x04,0x00,0x17,0xf2,0xff,
  0x1a,0x0e,0xf1,0xb3,0x00,0x00,0xc1,0xff,0x2d,0x00,0x92,0xff,0xce,0xa2,0xe5,0xdc,0xff,0xbf,0xcf,0xff,0x54,0x00,0x00,0x6d,
  0xff,0xa0,0x00,0x05,0x8d,0xe9,0xf4,0xa8,0x15,0xa0,0xf1,0xe9,0x78,0x00,0x00,0x00,0x10,0xe4,0xff,0x5e,0x00,0x00,0x00,0x00,
  0x00,0x00,0x00,0x00,0x00,0x00,0x00,0x00,0x00,0x00,0x45,0xfb,0xfe,0x99,0x27,0x00,0x00,0x00,0x03,0x3e,0x1d,0x00,0x00,0x00,
  0x00,0x00,0x00,0x00,0x3f,0xe8,0xff,0xff,0xe8,0xcf,0xdb,0xfa,0xff,0x7e,0x00,0x00,0x00,0x00,0x00,0x00,0x00,0x00,0x0d,0x64,
  0xbb,0xdd,0xf7,0xec,0xcf,0x9e,0x3a,0x00,0x00,0x00,0x00,0x00,0x00,0x00,0x00,0x6f,0xff,0xff,0xb7,0x00,0x00,0x00,0x00,0x00,
  0x00,0x00,0x00,0xc3,0xff,0xfe,0xfb,0x13,0x00,0x00,0x00,0x00,0x00,0x00,0x1a,0xfe,0xf1,0xb8,0xff,0x65,0x00,0x00,0x00,0x00,
  0x00,0x00,0x6d,0xff,0xb5,0x72,0xff,0xbc,0x00,0x00,0x00,0x00,0x00,0x00,0xc2,0xff,0x73,0x2e,0xff,0xfc,0x16,0x00,0x00,0x00,
  0x00,0x19,0xfd,0xff,0x2f,0x00,0xe6,0xff,0x6a,0x00,0x00,0x00,0x00,0x6c,0xff,0xe6,0x01,0x00,0x9c,0xff,0xc1,0x00,0x00,0x00,
  0x00,0xc1,0xff,0x98,0x00,0x00,0x49,0xff,0xfd,0x1a,0x00,0x00,0x18,0xfd,0xff,0xff,0xff,0xff,0xff,0xff,0xff,0x6f,0x00,0x00,
  0x6b,0xff,0xfb,0xe4,0xe4,0xe4,0xe4,0xf2,0xff,0xc6,0x00,0x00,0xc0,0xff,0xa8,0x00,0x00,0x00,0x00,0x53,0xff,0xfe,0x1e,0x17,
  0xfd,0xff,0x55,0x00,0x00,0x00,0x00,0x08,0xf2,0xff,0x74,0x6a,0xff,0xf6,0x0b,0x00,0x00,0x00,0x00,0x00,0xa4,0xff,0xcc,0xc0,
  0xff,0xff,0xff,0xff,0xf4,0xca,0x5e,0x00,0x00,0xc0,0xff,0xfb,0xf8,0xf9,0xff,0xff,0xff,0x69,0x00,0xc0,0xff,0x78,0x00,0x00,
  0x19,0xb9,0xff,0xd9,0x00,0xc0,0xff,0x78,0x00,0x00,0x00,0x4d,0xff,0xeb,0x00,0xc0,0xff,0x78,0x00,0x00,0x01,0x99,0xff,0xa8,
  0x00,0xc0,0xff,0xd7,0xb4,0xb5,0xdb,0xf9,0x9f,0x10,0x00,0xc0,0xff,0xff,0xff,0xff,0xff,0xfc,0xc5,0x30,0x00,0xc0,0xff,0x78,
  0x00,0x00,0x19,0x9d,0xff,0xe8,0x0e,0xc0,0xff,0x78,0x00,0x00,0x00,0x05,0xec,0xff,0x58,0xc0,0xff,0x78,0x00,0x00,0x00,0x00,
  0xdd,0xff,0x6b,0xc0,0xff,0x78,0x00,0x00,0x0b,0x74,0xff,0xff,0x40,0xc0,0xff,0xfb,0xf8,0xf8,0xff,0xff,0xff,0xbe,0x01,0xc0,
  0xff,0xff,0xff,0xff,0xf9,0xdc,0x86,0x0a,0x00,0x00,0x00,0x00,0x25,0x99,0xde,0xf8,0xe4,0xa1,0x28,0x00,0x00,0x00,0x00,0x49,
  0xf3,0xff,0xff,0xff,0xff,0xff,0xf9,0x4f,0x00,0x00,0x1d,0xf0,0xff,0xce,0x4b,0x24,0x48,0xc6,0xff,0xf4,0x19,0x00,0x92,0xff,
  0xe2,0x0b,0x00,0x00,0x00,0x0a,0xdb,0xff,0x7e,0x00,0xe6,0xff,0x69,0x00,0x00,0x00,0x00,0x00,0x3e,0x6c,0x49,0x0b,0xff,0xff,
  0x34,0x00,0x00,0x00,0x00,0x00,0x00,0x00,0x00,0x1e,0xff,0xff,0x19,0x00,0x00,0x00,0x00,0x00,0x00,0x00,0x00,0x0b,0xff,0xff,
  0x27,0x00,0x00,0x00,0x00,0x00,0x00,0x00,0x00,0x00,0xe7,0xff,0x60,0x00,0x00,0x00,0x00,0x00,0x3e,0x6c,0x49,0x00,0x94,0xff,
  0xd6,0x0a,0x00,0x00,0x00,0x09,0xdb,0xff,0x7d,0x00,0x1f,0xf2,0xff,0xcc,0x4a,0x23,0x46,0xc3,0xff,0xf2,0x16,0x00,0x00,0x4c,
  0xf4,0xff,0xff,0xff,0xff,0xff,0xf6,0x4a,0x00,0x00,0x00,0x00,0x28,0x9c,0xe0,0xf8,0xe4,0xa0,0x28,0x00,0x00,0xc0,0xff,0xff,
  0xff,0xfc,0xe2,0xaf,0x44,0x00,0x00,0x00,0xc0,0xff,0xff,0xff,0xff,0xff,0xff,0xff,0x89,0x00,0x00,0xc0,0xff,0x7e,0x0c,0x10,
  0x2f,0x91,0xff,0xff,0x5b,0x00,0xc0,0xff,0x78,0x00,0x00,0x00,0x00,0x82,0xff,0xdc,0x00,0xc0,0xff,0x78,0x00,0x00,0x00,0x00,
  0x10,0xfb,0xff,0x2c,0xc0,0xff,0x78,0x00,0x00,0x00,0x00,0x00,0xd6,0xff,0x50,0xc0,0xff,0x78,0x00,0x00,0x00,0x00,0x00,0xc8,
  0xff,0x61,0xc0,0xff,0x78,0x00,0x00,0x00,0x00,0x00,0xd7,0xff,0x4f,0xc0,0xff,0x78,0x00,0x00,0x00,0x00,0x11,0xfc,0xff,0x2b,
  0xc0,0xff,0x78,0x00,0x00,0x00,0x00,0x86,0xff,0xdc,0x00,0xc0,0xff,0x7e,0x0c,0x10,0x2f,0x94,0xff,0xff,0x5b,0x00,0xc0,0xff,
  0xff,0xff,0xff,0xff,0xff,0xff,0x88,0x00,0x00,0xc0,0xff,0xff,0xff,0xfb,0xe2,0xac,0x42,0x00,0x00,0x00,0xc0,0xff,0xff,0xff,
  0xff,0xff,0xff,0xff,0x48,0xc0,0xff,0xfd,0xfc,0xfc,0xfc,0xfc,0xfc,0x46,0xc0,0xff,0x78,0x00,0x00,0x00,0x00,0x00,0x00,0xc0,
  0xff,0x78,0x00,0x00,0x00,0x00,0x00,0x00,0xc0,0xff,0x78,0x00,0x00,0x00,0x00,0x00,0x00,0xc0,0xff,0xf9,0xf4,0xf4,0xf4,0xf4,
  0xcd,0x00,0xc0,0xff,0xff,0xff,0xff,0xff,0xff,0xd8,0x00,0xc0,0xff,0x78,0x00,0x00,0x00,0x00,0x00,0x00,0xc0,0xff,0x78,0x00,
  0x00,0x00,0x00,0x00,0x00,0xc0,0xff,0x78,0x00,0x00,0x00,0x00,0x00,0x00,0xc0,0xff,0x78,0x00,0x00,0x00,0x00,0x00,0x00,0xc0,
  0xff,0xfd,0xfc,0xfc,0xfc,0xfc,0xfc,0x4e,0xc0,0xff,0xff,0xff,0xff,0xff,0xff,0xff,0x50,0xc0,0xff,0xff,0xff,0xff,0xff,0xff,
  0xff,0x2c,0xc0,0xff,0xfd,0xfc,0xfc,0xfc,0xfc,0xfc,0x2b,0xc0,0xff,0x78,0x00,0x00,0x00,0x00,0x00,0x00,0xc0,0xff,0x78,0x00,
  0x00,0x00,0x00,0x00,0x00,0xc0,0xff,0x78,0x00,0x00,0x00,0x00,0x00,0x00,0xc0,0xff,0x78,0x00,0x00,0x00,0x00,0x00,0x00,0xc0,
  0xff,0xff,0xff,0xff,0xff,0xff,0x9c,0x00,0xc0,0xff,0xfb,0xf8,0xf8,0xf8,0xf8,0x97,0x00,0xc0,0xff,0x78,0x00,0x00,0x00,0x00,
  0x00,0x00,0xc0,0xff,0x78,0x00,0x00,0x00,0x00,0x00,0x00,0xc0,0xff,0x78,0x00,0x00,0x00,0x00,0x00,0x00,0xc0,0xff,0x78,0x00,
  0x00,0x00,0x00,0x00,0x00,0xc0,0xff,0x78,0x00,0x00,0x00,0x00,0x00,0x00,0x00,0x00,0x00,0x25,0x99,0xde,0xf8,0xe4,0xa1,0x2b,
  0x00,0x00,0x00,0x00,0x47,0xf2,0xff,0xff,0xff,0xff,0xff,0xfa,0x58,0x00,0x00,0x1c,0xef,0xff,0xcf,0x4f,0x25,0x45,0xc3,0xff,
  0xf8,0x23,0x00,0x91,0xff,0xdc,0x0c,0x00,0x00,0x00,0x08,0xd9,0xff,0x89,0x00,0xe5,0xff,0x66,0x00,0x00,0x00,0x00,0x00,0x14,
  0x24,0x19,0x0b,0xff,0xff,0x2a,0x00,0x00,0x00,0x00,0x00,0x00,0x00,0x00,0x1e,0xff,0xff,0x1a,0x00,0x00,0x2c,0xff,0xff,0xff,
  0xff,0xd4,0x0c,0xff,0xff,0x34,0x00,0x00,0x25,0xdc,0xdc,0xe8,0xff,0xd1,0x00,0xe7,0xff,0x69,0x00,0x00,0x00,0x00,0x00,0x72,
  0xff,0xb9,0x00,0x95,0xff,0xe1,0x0a,0x00,0x00,0x00,0x03,0xcc,0xff,0x83,0x00,0x20,0xf3,0xff,0xcd,0x4b,0x23,0x42,0xba,0xff,
  0xf4,0x1f,0x00,0x00,0x4e,0xf5,0xff,0xff,0xff,0xff,0xff,0xf9,0x56,0x00,0x00,0x00,0x00,0x28,0x9b,0xde,0xf8,0xe5,0xa6,0x30,
  0x00,0x00,0xc0,0xff,0x78,0x00,0x00,0x00,0x00,0x00,0xc8,0xff,0x70,0xc0,0xff,0x78,0x00,0x00,0x00,0x00,0x00,0xc8,0xff,0x70,
  0xc0,0xff,0x78,0x00,0x00,0x00,0x00,0x00,0xc8,0xff,0x70,0xc0,0xff,0x78,0x00,0x00,0x00,0x00,0x00,0xc8,0xff,0x70,0xc0,0xff,
  0x78,0x00,0x00,0x00,0x00,0x00,0xc8,0xff,0x70,0xc0,0xff,0xfd,0xfc,0xfc,0xfc,0xfc,0xfc,0xff,0xff,0x70,0xc0,0xff,0xff,0xff,
  0xff,0xff,0xff,0xff,0xff,0xff,0x70,0xc0,0xff,0x78,0x00,0x00,0x00,0x00,0x00,0xc8,0xff,0x70,0xc0,0xff,0x78,0x00,0x00,0x00,
  0x00,0x00,0xc8,0xff,0x70,0xc0,0xff,0x78,0x00,0x00,0x00,0x00,0x00,0xc8,0xff,0x70,0xc0,0xff,0x78,0x00,0x00,0x00,0x00,0x00,
  0xc8,0xff,0x70,0xc0,0xff,0x78,0x00,0x00,0x00,0x00,0x00,0xc8,0xff,0x70,0xc0,0xff,0x78,0x00,0x00,0x00,0x00,0x00,0xc8,0xff,
  0x70,0xc0,0xff,0x78,0xc0,0xff,0x78,0xc0,0xff,0x78,0xc0,0xff,0x78,0xc0,0xff,0x78,0xc0,0xff,0x78,0xc0,0xff,0x78,0xc0,0xff,
  0x78,0xc0,0xff,0x78,0xc0,0xff,0x78,0xc0,0xff,0x78,0xc0,0xff,0x78,0xc0,0xff,0x78,0x00,0x00,0x00,0x00,0x00,0x00,0x94,0xff,
  0x9c,0x00,0x00,0x00,0x00,0x00,0x00,0x94,0xff,0x9c,0x00,0x00,0x00,0x00,0x00,0x00,0x94,0xff,0x9c,0x00,0x00,0x00,0x00,0x00,
  0x00,0x94,0xff,0x9c,0x00,0x00,0x00,0x00,0x00,0x00,0x94,0xff,0x9c,0x00,0x00,0x00,0x00,0x00,0x00,0x94,0xff,0x9c,0x00,0x00,
  0x00,0x00,0x00,0x00,0x94,0xff,0x9c,0x00,0x00,0x00,0x00,0x00,0x00,0x94,0xff,0x9c,0x42,0xb8,0x9e,0x00,0x00,0x00,0x94,0xff,
  0x9c,0x52,0xff,0xed,0x00,0x00,0x00,0xa5,0xff,0x92,0x23,0xff,0xff,0x69,0x01,0x30,0xf2,0xff,0x62,0x00,0xa4,0xff,0xff,0xfa,
  0xff,0xff,0xda,0x0a,0x00,0x05,0x7f,0xdd,0xfb,0xeb,0xa1,0x18,0x00,0xc0,0xff,0x78,0x00,0x00,0x00,0x04,0xbb,0xff,0xe6,0x1c,
  0xc0,0xff,0x78,0x00,0x00,0x00,0x95,0xff,0xf6,0x35,0x00,0xc0,0xff,0x78,0x00,0x00,0x6d,0xff,0xfe,0x54,0x00,0x00,0xc0,0xff,
  0x77,0x00,0x46,0xfc,0xff,0x7b,0x00,0x00,0x00,0xc0,0xff,0x75,0x20,0xee,0xff,0xa2,0x00,0x00,0x00,0x00,0xc0,0xff,0x74,0xc9,
  0xff,0xde,0x07,0x00,0x00,0x00,0x00,0xc0,0xff,0xdd,0xff,0xff,0xff,0x43,0x00,0x00,0x00,0x00,0xc0,0xff,0xff,0xce,0xac,0xff,
  0xde,0x0b,0x00,0x00,0x00,0xc0,0xff,0xe2,0x19,0x15,0xeb,0xff,0x91,0x00,0x00,0x00,0xc0,0xff,0x78,0x00,0x00,0x5b,0xff,0xfd,
  0x3b,0x00,0x00,0xc0,0xff,0x78,0x00,0x00,0x00,0xb5,0xff,0xd8,0x08,0x00,0xc0,0xff,0x78,0x00,0x00,0x00,0x1d,0xf2,0xff,0x88,
  0x00,0xc0,0xff,0x78,0x00,0x00,0x00,0x00,0x6b,0xff,0xfc,0x33,0xc0,0xff,0x78,0x00,0x00,0x00,0x00,0x00,0xc0,0xff,0x78,0x00,
  0x00,0x00,0x00,0x00,0xc0,0xff,0x78,0x00,0x00,0x00,0x00,0x00,0xc0,0xff,0x78,0x00,0x00,0x00,0x00,0x00,0xc0,0xff,0x78,0x00,
  0x00,0x00,0x00,0x00,0xc0,0xff,0x78,0x00,0x00,0x00,0x00,0x00,0xc0,0xff,0x78,0x00,0x00,0x00,0x00,0x00,0xc0,0xff,0x78,0x00,
  0x00,0x00,0x00,0x00,0xc0,0xff,0x78,0x00,0x00,0x00,0x00,0x00,0xc0,0xff,0x78,0x00,0x00,0x00,0x00,0x00,0xc0,0xff,0x78,0x00,
  0x00,0x00,0x00,0x00,0xc0,0xff,0xfd,0xfc,0xfc,0xfc,0xfc,0xe8,0xc0,0xff,0xff,0xff,0xff,0xff,0xff,0xec,0xc0,0xff,0xff,0xc0,
  0x00,0x00,0x00,0x00,0x00,0x17,0xfc,0xff,0xff,0x70,0xc0,0xff,0xff,0xfe,0x1c,0x00,0x00,0x00,0x00,0x6d,0xff,0xff,0xff,0x70,
  0xc0,0xff,0xea,0xff,0x75,0x00,0x00,0x00,0x00,0xc6,0xff,0xe7,0xff,0x70,0xc0,0xff,0xab,0xff,0xcf,0x00,0x00,0x00,0x20,0xff,
  0xec,0xbd,0xff,0x70,0xc0,0xff,0x6e,0xf8,0xff,0x29,0x00,0x00,0x78,0xff,0xa6,0xc0,0xff,0x70,0xc0,0xff,0x68,0xb7,0xff,0x83,
  0x00,0x00,0xd1,0xff,0x5b,0xc3,0xff,0x70,0xc0,0xff,0x6b,0x65,0xff,0xdc,0x00,0x29,0xff,0xf9,0x10,0xc4,0xff,0x70,0xc0,0xff,
  0x6c,0x12,0xfa,0xff,0x28,0x74,0xff,0xb0,0x00,0xc4,0xff,0x70,0xc0,0xff,0x6c,0x00,0xb2,0xff,0x69,0xb7,0xff,0x57,0x00,0xc4,
  0xff,0x70,0xc0,0xff,0x6c,0x00,0x58,0xff,0xa9,0xf0,0xf4,0x0a,0x00,0xc4,0xff,0x70,0xc0,0xff,0x6c,0x00,0x0a,0xf3,0xf7,0xff,
  0xa5,0x00,0x00,0xc4,0xff,0x70,0xc0,0xff,0x6c,0x00,0x00,0xa4,0xff,0xff,0x4c,0x00,0x00,0xc4,0xff,0x70,0xc0,0xff,0x6c,0x00,
  0x00,0x49,0xff,0xee,0x05,0x00,0x00,0xc4,0xff,0x70,0xc0,0xff,0xf2,0x19,0x00,0x00,0x00,0x00,0x98,0xff,0xa8,0xc0,0xff,0xff,
  0xa4,0x00,0x00,0x00,0x00,0x98,0xff,0xa8,0xc0,0xff,0xfe,0xff,0x3e,0x00,0x00,0x00,0x98,0xff,0xa8,0xc0,0xff,0xb4,0xff,0xd2,
  0x04,0x00,0x00,0x98,0xff,0xa8,0xc0,0xff,0x6e,0xd2,0xff,0x6f,0x00,0x00,0x98,0xff,0xa8,0xc0,0xff,0x78,0x4f,0xff,0xf0,0x17,
  0x00,0x98,0xff,0xa8,0xc0,0xff,0x7f,0x00,0xbe,0xff,0xa0,0x00,0x98,0xff,0xa8,0xc0,0xff,0x80,0x00,0x2b,0xfb,0xfe,0x37,0x95,
  0xff,0xa8,0xc0,0xff,0x80,0x00,0x00,0x8d,0xff,0xc1,0x8d,0xff,0xa8,0xc0,0xff,0x80,0x00,0x00,0x0d,0xe6,0xff,0xb8,0xff,0xa8,
  0xc0,0xff,0x80,0x00,0x00,0x00,0x5b,0xff,0xfe,0xff,0xa8,0xc0,0xff,0x80,0x00,0x00,0x00,0x00,0xc1,0xff,0xff,0xa8,0xc0,0xff,
  0x80,0x00,0x00,0x00,0x00,0x2d,0xfb,0xff,0xa8,0x00,0x00,0x00,0x24,0x96,0xdd,0xf7,0xe0,0x9e,0x2a,0x00,0x00,0x00,0x00,0x00,
  0x48,0xf2,0xff,0xff,0xff,0xff,0xff,0xf6,0x53,0x00,0x00,0x00,0x1d,0xf0,0xff,0xce,0x4a,0x23,0x45,0xc5,0xff,0xf5,0x25,0x00,
  0x00,0x92,0xff,0xe2,0x0b,0x00,0x00,0x00,0x07,0xd7,0xff,0x9f,0x00,0x00,0xe6,0xff,0x69,0x00,0x00,0x00,0x00,0x00,0x5a,0xff,
  0xf1,0x03,0x0b,0xff,0xff,0x34,0x00,0x00,0x00,0x00,0x00,0x25,0xff,0xff,0x1a,0x1e,0xff,0xff,0x1c,0x00,0x00,0x00,0x00,0x00,
  0x0c,0xff,0xff,0x2d,0x0b,0xff,0xff,0x34,0x00,0x00,0x00,0x00,0x00,0x25,0xff,0xff,0x1a,0x00,0xe7,0xff,0x69,0x00,0x00,0x00,
  0x00,0x00,0x59,0xff,0xf1,0x03,0x00,0x94,0xff,0xe1,0x0a,0x00,0x00,0x00,0x06,0xd5,0xff,0xa0,0x00,0x00,0x1f,0xf1,0xff,0xcb,
  0x49,0x22,0x43,0xc3,0xff,0xf6,0x26,0x00,0x00,0x00,0x4a,0xf3,0xff,0xff,0xff,0xff,0xff,0xf7,0x55,0x00,0x00,0x00,0x00,0x00,
  0x26,0x99,0xde,0xf8,0xe2,0xa1,0x2d,0x00,0x00,0x00,0xc0,0xff,0xff,0xff,0xff,0xed,0xb7,0x3a,0x00,0x00,0xc0,0xff,0xfd,0xfc,
  0xfd,0xff,0xff,0xfa,0x45,0x00,0xc0,0xff,0x78,0x00,0x03,0x2d,0xce,0xff,0xd7,0x00,0xc0,0xff,0x78,0x00,0x00,0x00,0x3c,0xff,
  0xff,0x20,0xc0,0xff,0x78,0x00,0x00,0x00,0x15,0xff,0xff,0x34,0xc0,0xff,0x78,0x00,0x00,0x00,0x3f,0xff,0xff,0x1d,0xc0,0xff,
  0x78,0x00,0x04,0x30,0xd0,0xff,0xd1,0x00,0xc0,0xff,0xff,0xff,0xff,0xff,0xff,0xf7,0x3c,0x00,0xc0,0xff,0xf9,0xf4,0xf3,0xe2,
  0xaa,0x30,0x00,0x00,0xc0,0xff,0x78,0x00,0x00,0x00,0x00,0x00,0x00,0x00,0xc0,0xff,0x78,0x00,0x00,0x00,0x00,0x00,0x00,0x00,
  0xc0,0xff,0x78,0x00,0x00,0x00,0x00,0x00,0x00,0x00,0xc0,0xff,0x78,0x00,0x00,0x00,0x00,0x00,0x00,0x00,0x00,0x00,0x00,0x24,
  0x96,0xdd,0xf7,0xe0,0x9e,0x2a,0x00,0x00,0x00,0x00,0x00,0x48,0xf2,0xff,0xff,0xff,0xff,0xff,0xf6,0x54,0x00,0x00,0x00,0x1d,
  0xf0,0xff,0xce,0x4a,0x23,0x45,0xc5,0xff,0xf6,0x26,0x00,0x00,0x92,0xff,0xe2,0x0b,0x00,0x00,0x00,0x07,0xcd,0xff,0xa0,0x00,
  0x00,0xe6,0xff,0x69,0x00,0x00,0x00,0x00,0x00,0x53,0xff,0xf2,0x03,0x0b,0xff,0xff,0x34,0x00,0x00,0x00,0x00,0x00,0x19,0xff,
  0xff,0x1a,0x1e,0xff,0xff,0x1c,0x00,0x00,0x00,0x00,0x00,0x08,0xff,0xff,0x2d,0x0b,0xff,0xff,0x34,0x00,0x00,0x00,0x00,0x00,
  0x19,0xff,0xff,0x1d,0x00,0xe7,0xff,0x69,0x00,0x04,0x67,0x67,0x04,0x55,0xff,0xee,0x03,0x00,0x94,0xff,0xe1,0x0a,0x00,0x74,
  0xff,0x91,0xcd,0xff,0xa0,0x00,0x00,0x1f,0xf1,0xff,0xcb,0x49,0x24,0xd1,0xff,0xff,0xf6,0x23,0x00,0x00,0x00,0x4a,0xf3,0xff,
  0xff,0xff,0xff,0xff,0xff,0x6b,0x00,0x00,0x00,0x00,0x00,0x26,0x99,0xde,0xf8,0xe6,0xb1,0xff,0xd0,0x07,0x00,0x00,0x00,0x00,
  0x00,0x00,0x00,0x00,0x00,0x00,0x91,0xff,0x8f,0x00,0xc0,0xff,0xff,0xff,0xff,0xf4,0xc5,0x51,0x00,0x00,0xc0,0xff,0xfd,0xfc,
  0xfd,0xff,0xff,0xff,0x66,0x00,0xc0,0xff,0x78,0x00,0x02,0x23,0xb6,0xff,0xee,0x05,0xc0,0xff,0x78,0x00,0x00,0x00,0x25,0xff,
  0xff,0x2f,0xc0,0xff,0x78,0x00,0x00,0x00,0x20,0xff,0xff,0x2d,0xc0,0xff,0x78,0x00,0x00,0x17,0xaa,0xff,0xef,0x08,0xc0,0xff,
  0xf9,0xf4,0xf7,0xff,0xff,0xff,0x6c,0x00,0xc0,0xff,0xff,0xff,0xff,0xff,0xff,0x5b,0x00,0x00,0xc0,0xff,0x78,0x00,0x0e,0xef,
  0xff,0x71,0x00,0x00,0xc0,0xff,0x78,0x00,0x00,0x81,0xff,0xe7,0x09,0x00,0xc0,0xff,0x78,0x00,0x00,0x11,0xf2,0xff,0x70,0x00,
  0xc0,0xff,0x78,0x00,0x00,0x00,0x87,0xff,0xe7,0x09,0xc0,0xff,0x78,0x00,0x00,0x00,0x15,0xf5,0xff,0x70,0x00,0x00,0x17,0x92,
  0xde,0xf9,0xea,0xad,0x32,0x00,0x00,0x00,0x20,0xe6,0xff,0xff,0xff,0xff,0xff,0xfb,0x45,0x00,0x00,0xa1,0xff,0xdd,0x39,0x08,
  0x27,0xb7,0xff,0xd7,0x00,0x00,0xd5,0xff,0x6e,0x00,0x00,0x00,0x1b,0xb0,0xaf,0x09,0x00,0xba,0xff,0xba,0x0e,0x00,0x00,0x00,
  0x00,0x00,0x00,0x00,0x41,0xfc,0xff,0xed,0xa0,0x59,0x0b,0x00,0x00,0x00,0x00,0x00,0x36,0xba,0xfd,0xff,0xff,0xf2,0x8d,0x0a,
  0x00,0x00,0x00,0x00,0x00,0x15,0x57,0xa6,0xfa,0xff,0xb0,0x00,0x00,0x00,0x00,0x00,0x00,0x00,0x00,0x37,0xff,0xff,0x24,0x26,
  0xf4,0xf3,0x1a,0x00,0x00,0x00,0x0c,0xfd,0xff,0x39,0x02,0xe5,0xff,0xc0,0x32,0x0b,0x29,0xb0,0xff,0xf6,0x10,0x00,0x4f,0xfc,
  0xff,0xff,0xff,0xff,0xff,0xff,0x72,0x00,0x00,0x00,0x36,0xac,0xe9,0xfb,0xec,0xb8,0x4a,0x00,0x00,0x50,0xff,0xff,0xff,0xff,
  0xff,0xff,0xff,0xff,0xff,0x88,0x4e,0xfc,0xfc,0xfc,0xfe,0xff,0xfe,0xfc,0xfc,0xfc,0x85,0x00,0x00,0x00,0x00,0x80,0xff,0xb8,
  0x00,0x00,0x00,0x00,0x00,0x00,0x00,0x00,0x80,0xff,0xb8,0x00,0x00,0x00,0x00,0x00,0x00,0x00,0x00,0x80,0xff,0xb8,0x00,0x00,
  0x00,0x00,0x00,0x00,0x00,0x00,0x80,0xff,0xb8,0x00,0x00,0x00,0x00,0x00,0x00,0x00,0x00,0x80,0xff,0xb8,0x00,0x00,0x00,0x00,
  0x00,0x00,0x00,0x00,0x80,0xff,0xb8,0x00,0x00,0x00,0x00,0x00,0x00,0x00,0x00,0x80,0xff,0xb8,0x00,0x00,0x00,0x00,0x00,0x00,
  0x00,0x00,0x80,0xff,0xb8,0x00,0x00,0x00,0x00,0x00,0x00,0x00,0x00,0x80,0xff,0xb8,0x00,0x00,0x00,0x00,0x00,0x00,0x00,0x00,
  0x80,0xff,0xb8,0x00,0x00,0x00,0x00,0x00,0x00,0x00,0x00,0x80,0xff,0xb8,0x00,0x00,0x00,0x00,0xc0,0xff,0x78,0x00,0x00,0x00,
  0x00,0x00,0xf0,0xff,0x44,0xc0,0xff,0x78,0x00,0x00,0x00,0x00,0x00,0xf0,0xff,0x44,0xc0,0xff,0x78,0x00,0x00,0x00,0x00,0x00,
  0xf0,0xff,0x44,0xc0,0xff,0x78,0x00,0x00,0x00,0x00,0x00,0xf0,0xff,0x44,0xc0,0xff,0x78,0x00,0x00,0x00,0x00,0x00,0xf0,0xff,
  0x44,0xc0,0xff,0x78,0x00,0x00,0x00,0x00,0x00,0xf0,0xff,0x44,0xc0,0xff,0x78,0x00,0x00,0x00,0x00,0x00,0xf0,0xff,0x44,0xc0,
  0xff,0x78,0x00,0x00,0x00,0x00,0x00,0xf0,0xff,0x44,0xba,0xff,0x87,0x00,0x00,0x00,0x00,0x05,0xfa,0xff,0x3d,0x99,0xff,0xd2,
  0x04,0x00,0x00,0x00,0x51,0xff,0xff,0x1c,0x3f,0xff,0xff,0xb5,0x3d,0x29,0x67,0xef,0xff,0xbf,0x00,0x00,0x8a,0xff,0xff,0xff,
  0xff,0xff,0xff,0xe7,0x22,0x00,0x00,0x00,0x51,0xbb,0xed,0xf8,0xdc,0x8f,0x15,0x00,0x00,0x69,0xff,0xf6,0x0a,0x00,0x00,0x00,
  0x00,0x00,0xa1,0xff,0xcc,0x15,0xfc,0xff,0x53,0x00,0x00,0x00,0x00,0x04,0xec,0xff,0x77,0x00,0xbb,0xff,0xa6,0x00,0x00,0x00,
  0x00,0x42,0xff,0xff,0x22,0x00,0x64,0xff,0xf2,0x07,0x00,0x00,0x00,0x92,0xff,0xcc,0x00,0x00,0x12,0xfb,0xff,0x4c,0x00,0x00,
  0x00,0xe2,0xff,0x76,0x00,0x00,0x00,0xb7,0xff,0x9f,0x00,0x00,0x33,0xff,0xff,0x21,0x00,0x00,0x00,0x60,0xff,0xed,0x04,0x00,
  0x83,0xff,0xcb,0x00,0x00,0x00,0x00,0x10,0xf9,0xff,0x3f,0x00,0xce,0xff,0x76,0x00,0x00,0x00,0x00,0x00,0xb3,0xff,0x88,0x16,
  0xfe,0xff,0x21,0x00,0x00,0x00,0x00,0x00,0x5c,0xff,0xcf,0x58,0xff,0xcb,0x00,0x00,0x00,0x00,0x00,0x00,0x0d,0xf7,0xfe,0xad,
  0xff,0x75,0x00,0x00,0x00,0x00,0x00,0x00,0x00,0xae,0xff,0xfe,0xff,0x20,0x00,0x00,0x00,0x00,0x00,0x00,0x00,0x57,0xff,0xff,
  0xca,0x00,0x00,0x00,0x00,0x74,0xff,0xe8,0x00,0x00,0x00,0x00,0xa0,0xff,0xf2,0x03,0x00,0x00,0x00,0x96,0xff,0xca,0x32,0xff,
  0xff,0x25,0x00,0x00,0x00,0xde,0xff,0xff,0x34,0x00,0x00,0x00,0xd0,0xff,0x89,0x02,0xee,0xff,0x60,0x00,0x00,0x1c,0xff,0xfd,
  0xff,0x72,0x00,0x00,0x0e,0xfd,0xff,0x47,0x00,0xaf,0xff,0x9c,0x00,0x00,0x5b,0xff,0xc1,0xff,0xb0,0x00,0x00,0x46,0xff,0xfa,
  0x0b,0x00,0x6d,0xff,0xd7,0x00,0x00,0x99,0xff,0x6a,0xfd,0xec,0x01,0x00,0x81,0xff,0xc3,0x00,0x00,0x2c,0xff,0xff,0x14,0x00,
  0xd8,0xff,0x28,0xd4,0xff,0x2b,0x00,0xbc,0xff,0x81,0x00,0x00,0x00,0xe9,0xff,0x4e,0x16,0xff,0xea,0x01,0x98,0xff,0x69,0x03,
  0xf3,0xff,0x3f,0x00,0x00,0x00,0xa9,0xff,0x84,0x4f,0xff,0xab,0x00,0x57,0xff,0xa2,0x2f,0xff,0xf6,0x07,0x00,0x00,0x00,0x67,
  0xff,0xb5,0x84,0xff,0x6b,0x00,0x17,0xff,0xd5,0x62,0xff,0xbc,0x00,0x00,0x00,0x00,0x26,0xff,0xe2,0xb3,0xff,0x2b,0x00,0x00,
  0xd6,0xfd,0x99,0xff,0x7a,0x00,0x00,0x00,0x00,0x00,0xe4,0xff,0xe9,0xea,0x01,0x00,0x00,0x96,0xff,0xeb,0xff,0x38,0x00,0x00,
  0x00,0x00,0x00,0xa3,0xff,0xff,0xab,0x00,0x00,0x00,0x55,0xff,0xff,0xf2,0x04,0x00,0x00,0x00,0x00,0x00,0x61,0xff,0xff,0x6b,
  0x00,0x00,0x00,0x15,0xfe,0xff,0xb4,0x00,0x00,0x00,0x08,0xd9,0xff,0xac,0x00,0x00,0x00,0x00,0x5b,0xff,0xf9,0x2b,0x00,0x3f,
  0xfe,0xff,0x4e,0x00,0x00,0x14,0xeb,0xff,0x7f,0x00,0x00,0x00,0x9a,0xff,0xe2,0x0a,0x00,0xa1,0xff,0xd3,0x05,0x00,0x00,0x00,
  0x0f,0xe6,0xff,0x7f,0x36,0xfe,0xfc,0x36,0x00,0x00,0x00,0x00,0x00,0x51,0xff,0xf1,0xc4,0xff,0x8d,0x00,0x00,0x00,0x00,0x00,
  0x00,0x00,0xad,0xff,0xff,0xdc,0x0a,0x00,0x00,0x00,0x00,0x00,0x00,0x00,0x4d,0xff,0xff,0x9a,0x00,0x00,0x00,0x00,0x00,0x00,
  0x00,0x09,0xd9,0xff,0xff,0xfd,0x38,0x00,0x00,0x00,0x00,0x00,0x00,0x8e,0xff,0xd4,0x9d,0xff,0xd5,0x06,0x00,0x00,0x00,0x00,
  0x3b,0xfd,0xff,0x41,0x19,0xf1,0xff,0x83,0x00,0x00,0x00,0x09,0xda,0xff,0x9d,0x00,0x00,0x6a,0xff,0xfa,0x2f,0x00,0x00,0x8f,
  0xff,0xe6,0x10,0x00,0x00,0x01,0xc5,0xff,0xcd,0x04,0x3c,0xfd,0xff,0x4f,0x00,0x00,0x00,0x00,0x29,0xf9,0xff,0x78,0x4b,0xff,
  0xff,0x45,0x00,0x00,0x00,0x00,0x24,0xfb,0xff,0x6e,0x00,0xb8,0xff,0xcd,0x01,0x00,0x00,0x00,0xa7,0xff,0xd8,0x05,0x00,0x2a,
  0xfb,0xff,0x59,0x00,0x00,0x2f,0xfe,0xff,0x4c,0x00,0x00,0x00,0x93,0xff,0xdd,0x05,0x00,0xb6,0xff,0xbb,0x00,0x00,0x00,0x00,
  0x12,0xee,0xff,0x6a,0x3a,0xff,0xfd,0x2e,0x00,0x00,0x00,0x00,0x00,0x6e,0xff,0xdf,0xb2,0xff,0x99,0x00,0x00,0x00,0x00,0x00,
  0x00,0x04,0xd6,0xff,0xff,0xf2,0x16,0x00,0x00,0x00,0x00,0x00,0x00,0x00,0x48,0xff,0xff,0x77,0x00,0x00,0x00,0x00,0x00,0x00,
  0x00,0x00,0x04,0xff,0xff,0x34,0x00,0x00,0x00,0x00,0x00,0x00,0x00,0x00,0x04,0xff,0xff,0x34,0x00,0x00,0x00,0x00,0x00,0x00,
  0x00,0x00,0x04,0xff,0xff,0x34,0x00,0x00,0x00,0x00,0x00,0x00,0x00,0x00,0x04,0xff,0xff,0x34,0x00,0x00,0x00,0x00,0x00,0x00,
  0x00,0x00,0x04,0xff,0xff,0x34,0x00,0x00,0x00,0x00,0x08,0xff,0xff,0xff,0xff,0xff,0xff,0xff,0xff,0xff,0x18,0x07,0xf8,0xf8,
  0xf8,0xf8,0xf8,0xf8,0xfc,0xff,0xf4,0x0d,0x00,0x00,0x00,0x00,0x00,0x00,0x0f,0xdb,0xff,0x6a,0x00,0x00,0x00,0x00,0x00,0x00,
  0x00,0xa6,0xff,0xbf,0x01,0x00,0x00,0x00,0x00,0x00,0x00,0x52,0xff,0xf4,0x21,0x00,0x00,0x00,0x00,0x00,0x00,0x13,0xe9,0xff,
  0x6b,0x00,0x00,0x00,0x00,0x00,0x00,0x00,0xa7,0xff,0xc0,0x01,0x00,0x00,0x00,0x00,0x00,0x00,0x51,0xff,0xf4,0x22,0x00,0x00,
  0x00,0x00,0x00,0x00,0x13,0xe8,0xff,0x6c,0x00,0x00,0x00,0x00,0x00,0x00,0x00,0xa6,0xff,0xbb,0x01,0x00,0x00,0x00,0x00,0x00,
  0x00,0x50,0xff,0xe7,0x18,0x00,0x00,0x00,0x00,0x00,0x00,0x00,0xe8,0xff,0xfc,0xf8,0xf8,0xf8,0xf8,0xf8,0xf8,0x22,0x00,0xff,
  0xff,0xff,0xff,0xff,0xff,0xff,0xff,0xff,0x24,0x4b,0xc8,0xc8,0xc8,0x57,0x60,0xff,0xff,0xff,0x70,0x60,0xff,0xb4,0x00,0x00,
  0x60,0xff,0xb4,0x00,0x00,0x60,0xff,0xb4,0x00,0x00,0x60,0xff,0xb4,0x00,0x00,0x60,0xff,0xb4,0x00,0x00,0x60,0xff,0xb4,0x00,
  0x00,0x60,0xff,0xb4,0x00,0x00,0x60,0xff,0xb4,0x00,0x00,0x60,0xff,0xb4,0x00,0x00,0x60,0xff,0xb4,0x00,0x00,0x60,0xff,0xb4,
  0x00,0x00,0x60,0xff,0xb4,0x00,0x00,0x60,0xff,0xb4,0x00,0x00,0x60,0xff,0xf0,0xcc,0x59,0x60,0xff,0xff,0xff,0x70,0x99,0xff,
  0x4b,0x00,0x00,0x00,0x00,0x59,0xff,0x8b,0x00,0x00,0x00,0x00,0x19,0xff,0xcb,0x00,0x00,0x00,0x00,0x00,0xd9,0xfc,0x0e,0x00,
  0x00,0x00,0x00,0x9a,0xff,0x4a,0x00,0x00,0x00,0x00,0x5a,0xff,0x8a,0x00,0x00,0x00,0x00,0x1a,0xff,0xca,0x00,0x00,0x00,0x00,
  0x00,0xda,0xfc,0x0d,0x00,0x00,0x00,0x00,0x9b,0xff,0x49,0x00,0x00,0x00,0x00,0x5b,0xff,0x89,0x00,0x00,0x00,0x00,0x1b,0xff,
  0xc9,0x00,0x00,0x00,0x00,0x00,0xdb,0xfb,0x0c,0x00,0x00,0x00,0x00,0x9c,0xff,0x48,0x00,0x00,0x00,0x00,0x5c,0xff,0x88,0x00,
  0x00,0x00,0x00,0x1c,0xff,0xc8,0x00,0x00,0x00,0x00,0x00,0xdc,0xfb,0x0c,0x12,0xc8,0xc8,0xc8,0x8c,0x18,0xff,0xff,0xff,0xb4,
  0x00,0x00,0x60,0xff,0xb4,0x00,0x00,0x60,0xff,0xb4,0x00,0x00,0x60,0xff,0xb4,0x00,0x00,0x60,0xff,0xb4,0x00,0x00,0x60,0xff,
  0xb4,0x00,0x00,0x60,0xff,0xb4,0x00,0x00,0x60,0xff,0xb4,0x00,0x00,0x60,0xff,0xb4,0x00,0x00,0x60,0xff,0xb4,0x00,0x00,0x60,
  0xff,0xb4,0x00,0x00,0x60,0xff,0xb4,0x00,0x00,0x60,0xff,0xb4,0x00,0x00,0x60,0xff,0xb4,0x13,0xcc,0xdf,0xff,0xb4,0x18,0xff,
  0xff,0xff,0xb4,0x00,0x00,0x02,0x7a,0x80,0x14,0x00,0x00,0x00,0x00,0x52,0xff,0xff,0x81,0x00,0x00,0x00,0x00,0xc7,0xdf,0xb7,
  0xec,0x0a,0x00,0x00,0x3e,0xff,0x73,0x44,0xff,0x6d,0x00,0x00,0xb4,0xf4,0x10,0x00,0xd5,0xdf,0x03,0x2a,0xfe,0x97,0x00,0x00,
  0x67,0xff,0x59,0xd8,0xd8,0xd8,0xd8,0xd8,0xd8,0xd8,0xd4,0xff,0xff,0xff,0xff,0xff,0xff,0xff,0xfc,0x57,0xb4,0x63,0x00,0x0e,
  0xe5,0xe5,0x05,0x00,0x54,0xff,0x59,0x00,0x00,0x66,0xcd,0xf4,0xe9,0xab,0x2e,0x00,0x00,0x86,0xff,0xfd,0xd0,0xe4,0xff,0xf4,
  0x21,0x03,0xa6,0xdf,0x3c,0x00,0x04,0xc5,0xff,0x7e,0x00,0x00,0x00,0x00,0x00,0x07,0xb0,0xff,0x9a,0x00,0x0e,0x73,0xaf,0xde,
  0xfc,0xff,0xff,0x9c,0x07,0xd5,0xff,0xf2,0xad,0x7d,0xaa,0xff,0x9c,0x4b,0xff,0xde,0x0c,0x00,0x00,0x94,0xff,0x9c,0x53,0xff,
  0xd9,0x05,0x00,0x1c,0xe6,0xff,0x9c,0x14,0xf2,0xff,0xdf,0xbf,0xf3,0xd9,0xff,0x9c,0x00,0x3b,0xc8,0xf8,0xe6,0x7b,0x75,0xff,
  0x9c,0xdc,0xff,0x4c,0x00,0x00,0x00,0x00,0x00,0x00,0xdc,0xff,0x4c,0x00,0x00,0x00,0x00,0x00,0x00,0xdc,0xff,0x4c,0x00,0x00,
  0x00,0x00,0x00,0x00,0xdc,0xff,0x4d,0x82,0xee,0xef,0xa6,0x17,0x00,0xdc,0xff,0xbe,0xff,0xf2,0xff,0xff,0xd8,0x08,0xdc,0xff,
  0xec,0x33,0x00,0x3f,0xf5,0xff,0x6b,0xdc,0xff,0x82,0x00,0x00,0x00,0x98,0xff,0xb7,0xdc,0xff,0x51,0x00,0x00,0x00,0x66,0xff,
  0xd4,0xdc,0xff,0x52,0x00,0x00,0x00,0x67,0xff,0xd4,0xdc,0xff,0x84,0x00,0x00,0x00,0x9c,0xff,0xb7,0xdc,0xff,0xed,0x35,0x00,
  0x42,0xf7,0xff,0x6d,0xdc,0xff,0xba,0xff,0xf2,0xff,0xff,0xd8,0x08,0xdc,0xff,0x42,0x86,0xef,0xef,0xa8,0x18,0x00,0x00,0x00,
  0x29,0xab,0xea,0xf2,0xc7,0x53,0x00,0x00,0x00,0x2c,0xf1,0xff,0xfa,0xea,0xff,0xff,0x68,0x00,0x00,0xbd,0xff,0xc0,0x0d,0x00,
  0x6c,0xff,0xed,0x07,0x15,0xfe,0xff,0x32,0x00,0x00,0x00,0x64,0x36,0x03,0x38,0xff,0xfb,0x02,0x00,0x00,0x00,0x00,0x00,0x00,
  0x38,0xff,0xfc,0x06,0x00,0x00,0x00,0x00,0x00,0x00,0x16,0xfe,0xff,0x31,0x00,0x00,0x00,0x71,0x46,0x06,0x00,0xbd,0xff,0xb9,
  0x0c,0x00,0x6d,0xff,0xee,0x07,0x00,0x2b,0xf0,0xff,0xf5,0xea,0xff,0xff,0x68,0x00,0x00,0x00,0x29,0xab,0xeb,0xf3,0xc8,0x52,
  0x00,0x00,0x00,0x00,0x00,0x00,0x00,0x00,0x00,0xb0,0xff,0x78,0x00,0x00,0x00,0x00,0x00,0x00,0x00,0xb0,0xff,0x78,0x00,0x00,
  0x00,0x00,0x00,0x00,0x00,0xb0,0xff,0x78,0x00,0x00,0x4c,0xcd,0xf7,0xd6,0x3a,0xb0,0xff,0x78,0x00,0x49,0xfd,0xff,0xfd,0xf5,
  0xf2,0xcc,0xff,0x78,0x00,0xd3,0xff,0xc1,0x10,0x03,0x7f,0xff,0xff,0x78,0x1c,0xff,0xff,0x34,0x00,0x00,0x03,0xe2,0xff,0x78,
  0x39,0xff,0xfd,0x04,0x00,0x00,0x00,0xb2,0xff,0x78,0x3a,0xff,0xfd,0x04,0x00,0x00,0x00,0xb3,0xff,0x78,0x1c,0xff,0xff,0x36,
  0x00,0x00,0x03,0xe3,0xff,0x78,0x00,0xd2,0xff,0xc2,0x11,0x03,0x82,0xff,0xff,0x78,0x00,0x49,0xfd,0xff,0xfc,0xf5,0xf3,0xc6,
  0xff,0x78,0x00,0x00,0x4e,0xce,0xf8,0xd7,0x3e,0xa4,0xff,0x78,0x00,0x00,0x28,0xab,0xeb,0xf3,0xbf,0x43,0x00,0x00,0x00,0x2c,
  0xf0,0xff,0xe9,0xde,0xff,0xfe,0x51,0x00,0x00,0xbf,0xff,0x92,0x02,0x00,0x66,0xff,0xe3,0x02,0x16,0xfe,0xf9,0x0a,0x00,0x00,
  0x00,0xde,0xff,0x32,0x38,0xff,0xff,0xff,0xff,0xff,0xff,0xff,0xff,0x4e,0x38,0xff,0xf7,0x90,0x90,0x90,0x90,0x90,0x90,0x31,
  0x17,0xfe,0xff,0x13,0x00,0x00,0x00,0x01,0x00,0x00,0x00,0xc2,0xff,0xa1,0x06,0x00,0x31,0xee,0xc3,0x0c,0x00,0x2f,0xf2,0xff,
  0xef,0xd5,0xfd,0xff,0x94,0x00,0x00,0x00,0x2a,0xaa,0xea,0xf6,0xd2,0x6d,0x01,0x00,0x00,0x00,0x00,0x41,0x78,0x6a,0x1a,0x00,
  0x00,0x8d,0xff,0xff,0xff,0x39,0x00,0x0c,0xfc,0xff,0x9e,0x76,0x05,0x00,0x1f,0xff,0xff,0x07,0x00,0x00,0xd4,0xff,0xff,0xff,
  0xff,0xff,0x08,0xa8,0xd2,0xff,0xff,0xcc,0xcc,0x06,0x00,0x20,0xff,0xff,0x04,0x00,0x00,0x00,0x20,0xff,0xff,0x04,0x00,0x00,
  0x00,0x20,0xff,0xff,0x04,0x00,0x00,0x00,0x20,0xff,0xff,0x04,0x00,0x00,0x00,0x20,0xff,0xff,0x04,0x00,0x00,0x00,0x20,0xff,
  0xff,0x04,0x00,0x00,0x00,0x20,0xff,0xff,0x04,0x00,0x00,0x00,0x20,0xff,0xff,0x04,0x00,0x00,0x00,0x00,0x46,0xca,0xf7,0xd8,
  0x3e,0xa0,0xff,0x7c,0x00,0x40,0xfb,0xff,0xfd,0xf5,0xf4,0xc3,0xff,0x7c,0x00,0xc9,0xff,0xc6,0x12,0x04,0x83,0xff,0xff,0x7c,
  0x17,0xff,0xff,0x3a,0x00,0x00,0x03,0xe5,0xff,0x7c,0x37,0xff,0xfe,0x05,0x00,0x00,0x00,0xb5,0xff,0x7c,0x3b,0xff,0xfc,0x03,
  0x00,0x00,0x00,0xb0,0xff,0x7c,0x21,0xff,0xff,0x2c,0x00,0x00,0x01,0xdb,0xff,0x7c,0x00,0xda,0xff,0xb3,0x06,0x00,0x6b,0xff,
  0xff,0x7c,0x00,0x53,0xff,0xff,0xf2,0xe4,0xf5,0xcd,0xff,0x7c,0x00,0x00,0x54,0xd1,0xf8,0xdb,0x46,0xa4,0xff,0x7c,0x00,0x00,
  0x00,0x00,0x00,0x00,0x00,0xb1,0xff,0x6e,0x00,0x62,0xca,0x4e,0x00,0x00,0x27,0xf1,0xff,0x3d,0x00,0x6a,0xff,0xff,0xd4,0xcc,
  0xfa,0xff,0xb4,0x00,0x00,0x00,0x51,0xc2,0xef,0xf7,0xd5,0x7b,0x07,0x00,0xdc,0xff,0x44,0x00,0x00,0x00,0x00,0x00,0x00,0xdc,
  0xff,0x44,0x00,0x00,0x00,0x00,0x00,0x00,0xdc,0xff,0x44,0x00,0x00,0x00,0x00,0x00,0x00,0xdc,0xff,0x46,0x84,0xea,0xeb,0xa1,
  0x11,0x00,0xdc,0xff,0xbb,0xff,0xfd,0xff,0xff,0xaf,0x00,0xdc,0xff,0xde,0x2a,0x05,0x80,0xff,0xff,0x17,0xdc,0xff,0x69,0x00,
  0x00,0x04,0xf9,0xff,0x3a,0xdc,0xff,0x4c,0x00,0x00,0x00,0xe8,0xff,0x44,0xdc,0xff,0x4c,0x00,0x00,0x00,0xe8,0xff,0x44,0xdc,
  0xff,0x4c,0x00,0x00,0x00,0xe8,0xff,0x44,0xdc,0xff,0x4c,0x00,0x00,0x00,0xe8,0xff,0x44,0xdc,0xff,0x4c,0x00,0x00,0x00,0xe8,
  0xff,0x44,0xdc,0xff,0x4c,0x00,0x00,0x00,0xe8,0xff,0x44,0x00,0x3a,0x6a,0x05,0x01,0xf3,0xff,0x67,0x00,0xb3,0xee,0x35,0x00,
  0x00,0x00,0x00,0x00,0xdc,0xff,0x4c,0x00,0xdc,0xff,0x4c,0x00,0xdc,0xff,0x4c,0x00,0xdc,0xff,0x4c,0x00,0xdc,0xff,0x4c,0x00,
  0xdc,0xff,0x4c,0x00,0xdc,0xff,0x4c,0x00,0xdc,0xff,0x4c,0x00,0xdc,0xff,0x4c,0x00,0xdc,0xff,0x4c,0x00,0x00,0x3a,0x69,0x05,
  0x00,0x01,0xf3,0xff,0x67,0x00,0x00,0xb3,0xee,0x35,0x00,0x00,0x00,0x00,0x00,0x00,0x00,0xdc,0xff,0x4c,0x00,0x00,0xdc,0xff,
  0x4c,0x00,0x00,0xdc,0xff,0x4c,0x00,0x00,0xdc,0xff,0x4c,0x00,0x00,0xdc,0xff,0x4c,0x00,0x00,0xdc,0xff,0x4c,0x00,0x00,0xdc,
  0xff,0x4c,0x00,0x00,0xdc,0xff,0x4c,0x00,0x00,0xdc,0xff,0x4c,0x00,0x00,0xdc,0xff,0x4c,0x00,0x00,0xdc,0xff,0x4b,0x00,0x14,
  0xf5,0xff,0x31,0x4d,0xf5,0xff,0xdf,0x07,0x58,0xf1,0xbc,0x2e,0x00,0xdc,0xff,0x4c,0x00,0x00,0x00,0x00,0x00,0x00,0xdc,0xff,
  0x4c,0x00,0x00,0x00,0x00,0x00,0x00,0xdc,0xff,0x4c,0x00,0x00,0x00,0x00,0x00,0x00,0xdc,0xff,0x4c,0x00,0x00,0x9a,0xff,0xdb,
  0x12,0xdc,0xff,0x4c,0x00,0x6f,0xff,0xef,0x27,0x00,0xdc,0xff,0x4c,0x46,0xfc,0xfc,0x46,0x00,0x00,0xdc,0xff,0x73,0xef,0xff,
  0x6c,0x00,0x00,0x00,0xdc,0xff,0xfe,0xff,0xea,0x08,0x00,0x00,0x00,0xdc,0xff,0xfc,0xf3,0xff,0x8a,0x00,0x00,0x00,0xdc,0xff,
  0x79,0x62,0xff,0xfd,0x38,0x00,0x00,0xdc,0xff,0x4c,0x00,0xb5,0xff,0xd8,0x08,0x00,0xdc,0xff,0x4c,0x00,0x1a,0xef,0xff,0x8b,
  0x00,0xdc,0xff,0x4c,0x00,0x00,0x5e,0xff,0xfd,0x39,0xdc,0xff,0x4c,0xdc,0xff,0x4c,0xdc,0xff,0x4c,0xdc,0xff,0x4c,0xdc,0xff,
  0x4c,0xdc,0xff,0x4c,0xdc,0xff,0x4c,0xdc,0xff,0x4c,0xdc,0xff,0x4c,0xdc,0xff,0x4c,0xdc,0xff,0x4c,0xdc,0xff,0x4c,0xdc,0xff,
  0x4c,0xdc,0xff,0x37,0x98,0xf1,0xe1,0x50,0x02,0x7d,0xe4,0xf0,0xa9,0x15,0x00,0xdc,0xff,0xc6,0xe9,0xe5,0xff,0xf5,0x8d,0xf7,
  0xd8,0xfd,0xff,0xb1,0x00,0xdc,0xff,0xb7,0x06,0x04,0xb8,0xff,0xf5,0x25,0x00,0x56,0xff,0xfe,0x09,0xdc,0xff,0x58,0x00,0x00,
  0x6c,0xff,0xbd,0x00,0x00,0x06,0xff,0xff,0x25,0xdc,0xff,0x4c,0x00,0x00,0x68,0xff,0xb4,0x00,0x00,0x00,0xff,0xff,0x28,0xdc,
  0xff,0x4c,0x00,0x00,0x68,0xff,0xb4,0x00,0x00,0x00,0xff,0xff,0x28,0xdc,0xff,0x4c,0x00,0x00,0x68,0xff,0xb4,0x00,0x00,0x00,
  0xff,0xff,0x28,0xdc,0xff,0x4c,0x00,0x00,0x68,0xff,0xb4,0x00,0x00,0x00,0xff,0xff,0x28,0xdc,0xff,0x4c,0x00,0x00,0x68,0xff,
  0xb4,0x00,0x00,0x00,0xff,0xff,0x28,0xdc,0xff,0x4c,0x00,0x00,0x68,0xff,0xb4,0x00,0x00,0x00,0xff,0xff,0x28,0xdc,0xff,0x35,
  0x8c,0xeb,0xeb,0xa0,0x10,0x00,0xdc,0xff,0xb9,0xf6,0xe2,0xff,0xff,0xab,0x00,0xdc,0xff,0xd0,0x13,0x00,0x67,0xff,0xff,0x13,
  0xdc,0xff,0x63,0x00,0x00,0x01,0xf7,0xff,0x36,0xdc,0xff,0x4c,0x00,0x00,0x00,0xe8,0xff,0x40,0xdc,0xff,0x4c,0x00,0x00,0x00,
  0xe8,0xff,0x40,0xdc,0xff,0x4c,0x00,0x00,0x00,0xe8,0xff,0x40,0xdc,0xff,0x4c,0x00,0x00,0x00,0xe8,0xff,0x40,0xdc,0xff,0x4c,
  0x00,0x00,0x00,0xe8,0xff,0x40,0xdc,0xff,0x4c,0x00,0x00,0x00,0xe8,0xff,0x40,0x00,0x00,0x29,0xab,0xea,0xf4,0xc9,0x55,0x00,
  0x00,0x00,0x2c,0xf1,0xff,0xf5,0xea,0xff,0xff,0x74,0x00,0x00,0xbd,0xff,0xb8,0x0c,0x00,0x6c,0xff,0xf9,0x1b,0x15,0xfe,0xff,
  0x2f,0x00,0x00,0x00,0xd7,0xff,0x6b,0x38,0xff,0xfc,0x06,0x00,0x00,0x00,0xa8,0xff,0x8f,0x38,0xff,0xfc,0x06,0x00,0x00,0x00,
  0xa9,0xff,0x8f,0x16,0xfe,0xff,0x2f,0x00,0x00,0x00,0xd7,0xff,0x6b,0x00,0xbd,0xff,0xb8,0x0c,0x00,0x6d,0xff,0xf9,0x1b,0x00,
  0x2b,0xf0,0xff,0xf5,0xea,0xff,0xff,0x72,0x00,0x00,0x00,0x29,0xab,0xeb,0xf4,0xc9,0x55,0x00,0x00,0xdc,0xff,0x44,0x8a,0xef,
  0xef,0xa6,0x17,0x00,0xdc,0xff,0xc6,0xf7,0xd3,0xf9,0xff,0xd8,0x08,0xdc,0xff,0xe4,0x1d,0x00,0x27,0xee,0xff,0x6b,0xdc,0xff,
  0x7b,0x00,0x00,0x00,0x90,0xff,0xb7,0xdc,0xff,0x4f,0x00,0x00,0x00,0x64,0xff,0xd4,0xdc,0xff,0x53,0x00,0x00,0x00,0x69,0xff,
  0xd4,0xdc,0xff,0x87,0x00,0x00,0x00,0x9f,0xff,0xb7,0xdc,0xff,0xef,0x36,0x00,0x44,0xf7,0xff,0x6d,0xdc,0xff,0xc3,0xff,0xf2,
  0xff,0xff,0xd8,0x08,0xdc,0xff,0x4e,0x86,0xef,0xef,0xa8,0x18,0x00,0xdc,0xff,0x4c,0x00,0x00,0x00,0x00,0x00,0x00,0xdc,0xff,
  0x4c,0x00,0x00,0x00,0x00,0x00,0x00,0xdc,0xff,0x4c,0x00,0x00,0x00,0x00,0x00,0x00,0xdc,0xff,0x4c,0x00,0x00,0x00,0x00,0x00,
  0x00,0x00,0x00,0x4c,0xcd,0xf7,0xd6,0x3a,0xa4,0xff,0x78,0x00,0x49,0xfd,0xff,0xfd,0xf5,0xf2,0xc3,0xff,0x78,0x00,0xd3,0xff,
  0xc1,0x10,0x03,0x7f,0xff,0xff,0x78,0x1c,0xff,0xff,0x34,0x00,0x00,0x03,0xe2,0xff,0x78,0x39,0xff,0xfd,0x04,0x00,0x00,0x00,
  0xb2,0xff,0x78,0x3a,0xff,0xfd,0x04,0x00,0x00,0x00,0xb3,0xff,0x78,0x1c,0xff,0xff,0x36,0x00,0x00,0x03,0xe3,0xff,0x78,0x00,
  0xd2,0xff,0xc2,0x11,0x03,0x82,0xff,0xff,0x78,0x00,0x49,0xfd,0xff,0xfc,0xf5,0xf3,0xce,0xff,0x78,0x00,0x00,0x4e,0xce,0xf8,
  0xd7,0x3e,0xb0,0xff,0x78,0x00,0x00,0x00,0x00,0x00,0x00,0x00,0xb0,0xff,0x78,0x00,0x00,0x00,0x00,0x00,0x00,0x00,0xb0,0xff,
  0x78,0x00,0x00,0x00,0x00,0x00,0x00,0x00,0xb0,0xff,0x78,0x00,0x00,0x00,0x00,0x00,0x00,0x00,0xb0,0xff,0x78,0x00,0x00,0x00,
  0x00,0x01,0x06,0xdc,0xff,0x4c,0xb1,0xf8,0x6c,0xdc,0xff,0xd3,0xff,0xf3,0x6b,0xdc,0xff,0xdf,0x2a,0x00,0x00,0xdc,0xff,0x68,
  0x00,0x00,0x00,0xdc,0xff,0x4c,0x00,0x00,0x00,0xdc,0xff,0x4c,0x00,0x00,0x00,0xdc,0xff,0x4c,0x00,0x00,0x00,0xdc,0xff,0x4c,
  0x00,0x00,0x00,0xdc,0xff,0x4c,0x00,0x00,0x00,0xdc,0xff,0x4c,0x00,0x00,0x00,0x00,0x04,0x78,0xd7,0xf8,0xe7,0xa6,0x20,0x00,
  0x00,0x93,0xff,0xf9,0xbf,0xdd,0xff,0xe0,0x0b,0x00,0xf3,0xff,0x49,0x00,0x04,0xb4,0xb4,0x2d,0x00,0xea,0xff,0x86,0x0f,0x00,
  0x00,0x00,0x00,0x00,0x6d,0xfe,0xff,0xfc,0xcf,0x88,0x21,0x00,0x00,0x00,0x39,0x96,0xd5,0xfe,0xff,0xf3,0x2d,0x00,0x00,0x14,
  0x00,0x00,0x1a,0xcf,0xff,0x90,0x1a,0xed,0xf5,0x27,0x00,0x03,0xbc,0xff,0x8a,0x00,0xb0,0xff,0xf9,0xcc,0xe6,0xff,0xf0,0x23,
  0x00,0x08,0x80,0xda,0xf8,0xeb,0xaa,0x29,0x00,0x00,0x42,0x80,0x52,0x00,0x00,0x00,0x84,0xff,0xa4,0x00,0x00,0x00,0x84,0xff,
  0xa4,0x00,0x00,0xd4,0xff,0xff,0xff,0xff,0x70,0xa8,0xe6,0xff,0xed,0xcc,0x59,0x00,0x84,0xff,0xa4,0x00,0x00,0x00,0x84,0xff,
  0xa4,0x00,0x00,0x00,0x84,0xff,0xa4,0x00,0x00,0x00,0x84,0xff,0xa4,0x00,0x00,0x00,0x84,0xff,0xa4,0x00,0x00,0x00,0x7a,0xff,
  0xb9,0x00,0x00,0x00,0x42,0xff,0xff,0xe4,0x6c,0x00,0x00,0x77,0xe3,0xfa,0x8a,0xdc,0xff,0x4c,0x00,0x00,0x00,0xe8,0xff,0x44,
  0xdc,0xff,0x4c,0x00,0x00,0x00,0xe8,0xff,0x44,0xdc,0xff,0x4c,0x00,0x00,0x00,0xe8,0xff,0x44,0xdc,0xff,0x4c,0x00,0x00,0x00,
  0xe8,0xff,0x44,0xdc,0xff,0x4c,0x00,0x00,0x00,0xe8,0xff,0x44,0xdc,0xff,0x4c,0x00,0x00,0x00,0xe8,0xff,0x44,0xd3,0xff,0x61,
  0x00,0x00,0x0a,0xfc,0xff,0x44,0xaf,0xff,0xd0,0x1b,0x0a,0x99,0xff,0xff,0x44,0x48,0xff,0xff,0xff,0xfd,0xd9,0xcf,0xff,0x44,
  0x00,0x61,0xd8,0xf5,0xbe,0x23,0xc9,0xff,0x44,0x80,0xff,0xc7,0x00,0x00,0x00,0x00,0xc8,0xff,0x7b,0x27,0xff,0xfe,0x19,0x00,
  0x00,0x18,0xfe,0xff,0x23,0x00,0xcf,0xff,0x68,0x00,0x00,0x67,0xff,0xc9,0x00,0x00,0x77,0xff,0xb8,0x00,0x00,0xb6,0xff,0x70,
  0x00,0x00,0x1f,0xfe,0xf9,0x0e,0x0d,0xf8,0xfd,0x1a,0x00,0x00,0x00,0xc6,0xff,0x56,0x54,0xff,0xbf,0x00,0x00,0x00,0x00,0x6e,
  0xff,0x9c,0x9c,0xff,0x66,0x00,0x00,0x00,0x00,0x18,0xfc,0xdd,0xda,0xfa,0x13,0x00,0x00,0x00,0x00,0x00,0xbd,0xff,0xff,0xb4,
  0x00,0x00,0x00,0x00,0x00,0x00,0x64,0xff,0xff,0x5c,0x00,0x00,0x00,0x81,0xff,0xc1,0x00,0x00,0x07,0xf7,0xff,0x49,0x00,0x00,
  0x82,0xff,0xc3,0x3a,0xff,0xf6,0x05,0x00,0x3c,0xff,0xff,0x86,0x00,0x00,0xbd,0xff,0x7c,0x03,0xef,0xff,0x38,0x00,0x7a,0xff,
  0xfa,0xc2,0x00,0x04,0xf4,0xff,0x35,0x00,0xac,0xff,0x73,0x00,0xb7,0xf0,0xb5,0xf8,0x07,0x34,0xff,0xec,0x02,0x00,0x66,0xff,
  0xac,0x02,0xf0,0xbb,0x7b,0xff,0x38,0x6d,0xff,0xa7,0x00,0x00,0x1f,0xff,0xe4,0x2e,0xff,0x80,0x3e,0xff,0x6f,0xa4,0xff,0x5f,
  0x00,0x00,0x00,0xd8,0xff,0x7b,0xff,0x3f,0x06,0xf5,0xa4,0xd8,0xff,0x19,0x00,0x00,0x00,0x91,0xff,0xdf,0xf5,0x06,0x00,0xb8,
  0xe1,0xfd,0xd1,0x00,0x00,0x00,0x00,0x4a,0xff,0xff,0xb6,0x00,0x00,0x73,0xff,0xff,0x8a,0x00,0x00,0x00,0x00,0x0a,0xf8,0xff,
  0x72,0x00,0x00,0x2e,0xff,0xff,0x43,0x00,0x00,0x23,0xf8,0xff,0x3f,0x00,0x00,0x7e,0xff,0xcc,0x02,0x00,0x84,0xff,0xcc,0x01,
  0x1b,0xf5,0xfe,0x38,0x00,0x00,0x0a,0xe1,0xff,0x51,0x98,0xff,0x9d,0x00,0x00,0x00,0x00,0x53,0xff,0xd4,0xf8,0xef,0x15,0x00,
  0x00,0x00,0x00,0x00,0xbd,0xff,0xff,0x6d,0x00,0x00,0x00,0x00,0x00,0x08,0xdd,0xff,0xff,0x85,0x00,0x00,0x00,0x00,0x00,0x7e,
  0xff,0xac,0xf0,0xf9,0x27,0x00,0x00,0x00,0x20,0xf6,0xfc,0x26,0x81,0xff,0xbb,0x00,0x00,0x00,0xaf,0xff,0x98,0x00,0x0d,0xe8,
  0xff,0x56,0x00,0x47,0xff,0xf1,0x16,0x00,0x00,0x64,0xff,0xe4,0x0d,0x80,0xff,0xc7,0x00,0x00,0x00,0x00,0xc5,0xff,0x7e,0x28,
  0xff,0xfe,0x18,0x00,0x00,0x18,0xfd,0xff,0x26,0x00,0xd0,0xff,0x65,0x00,0x00,0x68,0xff,0xcc,0x00,0x00,0x78,0xff,0xb5,0x00,
  0x00,0xb9,0xff,0x73,0x00,0x00,0x20,0xff,0xf8,0x0c,0x10,0xfa,0xfe,0x1c,0x00,0x00,0x00,0xc8,0xff,0x52,0x5b,0xff,0xc1,0x00,
  0x00,0x00,0x00,0x70,0xff,0x95,0xa4,0xff,0x67,0x00,0x00,0x00,0x00,0x1a,0xfd,0xcf,0xe4,0xfb,0x13,0x00,0x00,0x00,0x00,0x00,
  0xc0,0xfe,0xff,0xb5,0x00,0x00,0x00,0x00,0x00,0x00,0x68,0xff,0xff,0x5c,0x00,0x00,0x00,0x00,0x00,0x00,0x41,0xff,0xf6,0x0d,
  0x00,0x00,0x00,0x00,0x03,0x00,0x9c,0xff,0xa5,0x00,0x00,0x00,0x00,0x00,0x99,0xf5,0xff,0xf8,0x2d,0x00,0x00,0x00,0x00,0x00,
  0xc0,0xf8,0xd3,0x4a,0x00,0x00,0x00,0x00,0x00,0xd8,0xff,0xff,0xff,0xff,0xff,0xff,0x74,0xcd,0xf4,0xf4,0xf4,0xf6,0xff,0xff,
  0x63,0x00,0x00,0x00,0x00,0x9a,0xff,0xc9,0x04,0x00,0x00,0x00,0x54,0xff,0xf4,0x24,0x00,0x00,0x00,0x1e,0xef,0xff,0x64,0x00,
  0x00,0x00,0x03,0xc4,0xff,0xaf,0x00,0x00,0x00,0x00,0x83,0xff,0xe7,0x14,0x00,0x00,0x00,0x3f,0xfd,0xfe,0x48,0x00,0x00,0x00,
  0x00,0xe1,0xff,0xfe,0xf4,0xf4,0xf4,0xf4,0x94,0xfc,0xff,0xff,0xff,0xff,0xff,0xff,0x9c,0x00,0x00,0x00,0x17,0x5e,0x63,0x00,
  0x00,0x40,0xf5,0xff,0xd4,0x00,0x00,0xc3,0xff,0xb8,0x48,0x00,0x00,0xf2,0xff,0x1c,0x00,0x00,0x00,0xff,0xff,0x00,0x00,0x00,
  0x00,0xff,0xff,0x00,0x00,0x00,0x12,0xff,0xfa,0x00,0x00,0x2e,0x9a,0xff,0xcb,0x00,0x00,0xd4,0xff,0xb3,0x24,0x00,0x00,0xd4,
  0xff,0xde,0x46,0x00,0x00,0x06,0x70,0xff,0xde,0x00,0x00,0x00,0x09,0xff,0xfe,0x00,0x00,0x00,0x00,0xff,0xff,0x00,0x00,0x00,
  0x00,0xfd,0xff,0x06,0x00,0x00,0x00,0xe7,0xff,0x49,0x00,0x00,0x00,0x97,0xff,0xfb,0xad,0x00,0x00,0x0a,0x92,0xe0,0xce,0x7a,
  0x80,0x06,0xf4,0xff,0x0c,0xf4,0xff,0x0c,0xf4,0xff,0x0c,0xf4,0xff,0x0c,0xf4,0xff,0x0c,0xf4,0xff,0x0c,0xf4,0xff,0x0c,0xf4,
  0xff,0x0c,0xf4,0xff,0x0c,0xf4,0xff,0x0c,0xf4,0xff,0x0c,0xf4,0xff,0x0c,0xf4,0xff,0x0c,0xf4,0xff,0x0c,0xf4,0xff,0x0c,0xf4,
  0xff,0x0c,0xf4,0xff,0x0c,0xf4,0xff,0x0c,0xf4,0xff,0x0c,0xf4,0xff,0x0c,0xf4,0xff,0x0c,0x0b,0x75,0x4f,0x07,0x00,0x00,0x00,
  0x18,0xff,0xff,0xd9,0x13,0x00,0x00,0x06,0x5f,0xde,0xff,0x7b,0x00,0x00,0x00,0x00,0x64,0xff,0xa9,0x00,0x00,0x00,0x00,0x49,
  0xff,0xb7,0x00,0x00,0x00,0x00,0x48,0xff,0xb8,0x00,0x00,0x00,0x00,0x43,0xff,0xc9,0x00,0x00,0x00,0x00,0x19,0xf8,0xfd,0x5f,
  0x16,0x00,0x00,0x00,0x51,0xda,0xff,0x90,0x00,0x00,0x00,0x6f,0xec,0xff,0x90,0x00,0x00,0x24,0xfe,0xf8,0x40,0x05,0x00,0x00,
  0x46,0xff,0xc3,0x00,0x00,0x00,0x00,0x48,0xff,0xb8,0x00,0x00,0x00,0x00,0x4e,0xff,0xb5,0x00,0x00,0x00,0x00,0x90,0xff,0x9f,
  0x00,0x00,0x12,0xda,0xff,0xff,0x4f,0x00,0x00,0x17,0xf7,0xd2,0x67,0x00,0x00,0x00,0x00,0x71,0xde,0xd4,0x4c,0x00,0x00,0x69,
  0xa0,0x0c,0x40,0xff,0xff,0xff,0xfd,0x70,0x17,0xde,0xfb,0x02,0x8d,0xff,0x61,0x2d,0xde,0xff,0xff,0xff,0xb0,0x00,0x6b,0xac,
  0x11,0x00,0x18,0xb3,0xf5,0xbd,0x1b,0x00,0x48,0xef,0xb0,0x00,0x94,0xff,0xff,0x09,0x2a,0xb7,0x79,0x00,0x00,0x00,0x00,0x00,
  0x48,0xf8,0xbb,0x00,0x4f,0xff,0xc6,0x00,0x53,0xff,0xca,0x00,0x58,0xff,0xcf,0x00,0x5c,0xff,0xd3,0x00,0x61,0xff,0xd8,0x00,
  0x65,0xff,0xdc,0x00,0x6a,0xff,0xe1,0x00,0x6e,0xff,0xe5,0x00,0x00,0x00,0x00,0x00,0x60,0x9c,0x00,0x00,0x00,0x00,0x00,0x00,
  0x00,0x36,0xa6,0xcb,0x4f,0x05,0x00,0x00,0x00,0x04,0xa1,0xff,0xff,0xff,0xff,0xd7,0x1e,0x00,0x00,0x7e,0xff,0xf2,0xb6,0xc5,
  0xcc,0xff,0xc4,0x00,0x03,0xed,0xff,0x64,0x60,0x9c,0x1d,0xde,0xad,0x0b,0x2c,0xff,0xff,0x0d,0x60,0x9c,0x00,0x00,0x00,0x00,
  0x3e,0xff,0xf6,0x00,0x60,0x9c,0x00,0x00,0x00,0x00,0x2d,0xff,0xff,0x0d,0x60,0x9c,0x00,0x00,0x00,0x00,0x04,0xee,0xff,0x62,
  0x60,0x9c,0x1b,0xeb,0xbe,0x0f,0x00,0x7f,0xff,0xf2,0xb5,0xc5,0xca,0xff,0xc4,0x00,0x00,0x04,0xa1,0xff,0xff,0xff,0xff,0xd6,
  0x1e,0x00,0x00,0x00,0x00,0x36,0xa6,0xcb,0x4f,0x05,0x00,0x00,0x00,0x00,0x00,0x00,0x60,0x9c,0x00,0x00,0x00,0x00,0x00,0x00,
  0x00,0x44,0xbf,0xf2,0xea,0xad,0x26,0x00,0x00,0x00,0x4e,0xfe,0xff,0xff,0xff,0xff,0xeb,0x22,0x00,0x00,0xd1,0xff,0xa2,0x11,
  0x14,0xb6,0xff,0x9a,0x00,0x00,0xfb,0xff,0x22,0x00,0x00,0x25,0x70,0x41,0x00,0x00,0xfd,0xff,0x18,0x00,0x00,0x00,0x00,0x00,
  0x19,0x94,0xfb,0xff,0xa0,0x94,0x94,0x5e,0x00,0x00,0x2c,0xff,0xff,0xff,0xff,0xff,0xff,0xa4,0x00,0x00,0x00,0x00,0xe0,0xff,
  0x2f,0x00,0x00,0x00,0x00,0x00,0x00,0x00,0xd6,0xff,0x37,0x00,0x00,0x00,0x00,0x00,0x00,0x00,0xd1,0xff,0x30,0x00,0x00,0x02,
  0x14,0x12,0x00,0x2c,0xf6,0xac,0x01,0x00,0x00,0x2d,0xff,0xe1,0x2b,0xff,0xff,0xfc,0xfc,0xfc,0xfc,0xfe,0xff,0xb4,0x2c,0xff,
  0xff,0xff,0xff,0xff,0xff,0xf9,0xc6,0x27,0x00,0x0c,0x00,0x00,0x00,0x00,0x00,0x00,0x00,0x0d,0x00,0x7e,0xcd,0x23,0x92,0xe6,
  0xf9,0xd6,0x68,0x2f,0xe8,0x46,0x6d,0xff,0xff,0xfc,0xb5,0x9a,0xce,0xff,0xfd,0xf4,0x3a,0x01,0xdf,0xe7,0x30,0x00,0x00,0x00,
  0x69,0xff,0x98,0x00,0x4b,0xff,0x4e,0x00,0x00,0x00,0x00,0x00,0xa2,0xf1,0x0e,0x88,0xec,0x02,0x00,0x00,0x00,0x00,0x00,0x40,
  0xff,0x3e,0xa3,0xd2,0x00,0x00,0x00,0x00,0x00,0x00,0x23,0xff,0x5a,0x8a,0xed,0x02,0x00,0x00,0x00,0x00,0x00,0x41,0xff,0x3f,
  0x4d,0xff,0x50,0x00,0x00,0x00,0x00,0x00,0xa4,0xf3,0x0d,0x04,0xee,0xe8,0x30,0x00,0x00,0x00,0x6a,0xff,0xaf,0x00,0x97,0xff,
  0xf9,0xfc,0xb7,0x9d,0xd0,0xff,0xf6,0xff,0x5c,0x4f,0xa2,0x15,0x93,0xe7,0xfa,0xd8,0x6b,0x15,0xbd,0x24,0x00,0x00,0x00,0x00,
  0x00,0x00,0x00,0x00,0x00,0x00,0x00,0x82,0xff,0xc8,0x00,0x00,0x00,0x34,0xff,0xfa,0x1e,0x12,0xf2,0xff,0x39,0x00,0x00,0xa5,
  0xff,0x9b,0x00,0x00,0x89,0xff,0xab,0x00,0x1a,0xfa,0xfb,0x22,0x00,0x00,0x16,0xf5,0xfc,0x1f,0x86,0xff,0xa1,0x00,0x00,0x00,
  0x00,0x90,0xff,0x97,0xec,0xfd,0x26,0x00,0x00,0x00,0x1f,0x3a,0xfc,0xff,0xff,0xb8,0x20,0x0d,0x00,0x00,0xfc,0xff,0xff,0xff,
  0xff,0xff,0xff,0x68,0x00,0x00,0x4e,0x50,0x89,0xff,0xea,0x50,0x50,0x20,0x00,0x00,0x1f,0x20,0x69,0xff,0xe4,0x20,0x20,0x0d,
  0x00,0x00,0xfc,0xff,0xff,0xff,0xff,0xff,0xff,0x68,0x00,0x00,0x4e,0x50,0x89,0xff,0xea,0x50,0x50,0x20,0x00,0x00,0x00,0x00,
  0x54,0xff,0xe0,0x00,0x00,0x00,0x00,0x00,0x00,0x00,0x54,0xff,0xe0,0x00,0x00,0x00,0x00,0x4c,0xff,0xa8,0x4c,0xff,0xa8,0x4c,
  0xff,0xa8,0x4c,0xff,0xa8,0x4c,0xff,0xa8,0x4c,0xff,0xa8,0x05,0x14,0x0d,0x00,0x00,0x00,0x00,0x00,0x00,0x08,0x1c,0x12,0x4c,
  0xff,0xa8,0x4c,0xff,0xa8,0x4c,0xff,0xa8,0x4c,0xff,0xa8,0x4c,0xff,0xa8,0x4c,0xff,0xa8,0x00,0x00,0x3d,0xc3,0xf2,0xe5,0x95,
  0x0c,0x00,0x00,0x24,0xf5,0xff,0xe3,0xf1,0xff,0xa4,0x00,0x00,0x70,0xff,0x9b,0x00,0x11,0xe3,0xfc,0x15,0x00,0x79,0xff,0x8b,
  0x00,0x00,0x26,0x12,0x00,0x00,0x26,0xf7,0xfc,0x8c,0x11,0x00,0x00,0x00,0x00,0x0d,0x9f,0xff,0xff,0xf1,0x81,0x0c,0x00,0x01,
  0xcb,0xdd,0x2f,0x7a,0xed,0xff,0xdd,0x1a,0x19,0xff,0xa2,0x00,0x00,0x0e,0x9a,0xff,0x9b,0x05,0xed,0xf1,0x42,0x00,0x00,0x05,
  0xfa,0xc4,0x00,0x59,0xfc,0xff,0xb8,0x3c,0x54,0xff,0x78,0x00,0x00,0x32,0xb9,0xff,0xff,0xf9,0x60,0x00,0x00,0x00,0x00,0x00,
  0x39,0xca,0xff,0xc9,0x00,0x00,0x04,0x32,0x05,0x00,0x05,0xe1,0xff,0x23,0x00,0xab,0xff,0x67,0x00,0x0f,0xe7,0xff,0x1a,0x00,
  0x40,0xfc,0xff,0xdf,0xf2,0xff,0xbd,0x00,0x00,0x00,0x4d,0xcb,0xf5,0xe4,0x97,0x12,0x00,0x18,0x5c,0x07,0x00,0x3d,0x3f,0x00,
  0xae,0xff,0x75,0x13,0xfb,0xfc,0x18,0x76,0xf0,0x43,0x05,0xcc,0xcf,0x08,0x00,0x00,0x00,0x07,0x6a,0xbd,0xde,0xd3,0x9c,0x33,
  0x00,0x00,0x00,0x00,0x00,0x00,0x28,0xda,0xff,0xff,0xff,0xff,0xff,0xfe,0x89,0x01,0x00,0x00,0x00,0x1b,0xe9,0xff,0xb3,0x3a,
  0x09,0x18,0x6a,0xea,0xff,0x89,0x00,0x00,0x00,0xb1,0xff,0x8f,0x02,0x5e,0xa3,0x95,0x30,0x1f,0xe4,0xfe,0x37,0x00,0x27,0xff,
  0xd4,0x03,0xa4,0xff,0xff,0xff,0xfa,0x4b,0x4c,0xff,0xaa,0x00,0x6e,0xff,0x6e,0x49,0xff,0xb0,0x12,0x31,0xe8,0xdf,0x01,0xe2,
  0xf2,0x02,0x90,0xff,0x3c,0x94,0xff,0x17,0x00,0x00,0x35,0x58,0x06,0xb0,0xff,0x16,0x92,0xff,0x39,0x9d,0xfc,0x09,0x00,0x00,
  0x07,0x0c,0x00,0xae,0xff,0x19,0x74,0xff,0x66,0x68,0xff,0x70,0x00,0x08,0xd8,0xe6,0x00,0xda,0xf6,0x04,0x30,0xff,0xc9,0x0c,
  0xdb,0xfe,0xc5,0xe0,0xff,0x71,0x3e,0xff,0xb4,0x00,0x00,0xbf,0xff,0x79,0x1b,0xaf,0xf3,0xe5,0x76,0x15,0xd9,0xff,0x44,0x00,
  0x00,0x27,0xf3,0xff,0x99,0x1f,0x00,0x04,0x4e,0xdc,0xff,0x9f,0x00,0x00,0x00,0x00,0x3a,0xea,0xff,0xff,0xf0,0xfa,0xff,0xff,
  0xa4,0x06,0x00,0x00,0x00,0x00,0x00,0x12,0x86,0xd7,0xf7,0xed,0xb7,0x4d,0x00,0x00,0x00,0x00,0x00,0x3b,0xc0,0xf4,0xe5,0xa8,
  0x18,0x15,0xf2,0xdd,0x73,0x7f,0xfd,0xb7,0x00,0x07,0x0d,0x10,0x35,0xef,0xe9,0x08,0x88,0xe5,0xf9,0xd7,0xf3,0xec,0x6b,0xff,
  0x77,0x07,0x00,0xe2,0xec,0x67,0xff,0xa5,0x56,0x9c,0xfc,0xec,0x06,0x9d,0xef,0xf0,0x8a,0xc4,0xec,0x00,0x00,0x00,0x4f,0xfe,
  0xec,0x1f,0x97,0xff,0xbf,0x03,0x00,0x00,0x28,0xf2,0xfc,0x44,0x62,0xff,0xe3,0x16,0x00,0x00,0x0e,0xd8,0xff,0x78,0x36,0xf8,
  0xf9,0x37,0x00,0x00,0x01,0xb1,0xff,0xae,0x17,0xe3,0xff,0x66,0x00,0x00,0x00,0x10,0xe3,0xff,0x6f,0x3e,0xfc,0xfa,0x2c,0x00,
  0x00,0x00,0x00,0x35,0xf8,0xf9,0x38,0x76,0xff,0xda,0x0f,0x00,0x00,0x00,0x00,0x62,0xff,0xe4,0x17,0xaa,0xff,0xb1,0x01,0x00,
  0x00,0x00,0x00,0x97,0xff,0xbf,0x0f,0xd3,0xff,0x7b,0x00,0x00,0x00,0x00,0x06,0x5a,0x5c,0x1b,0x1e,0x5c,0x59,0x03,0x2a,0xe4,
  0xe4,0xe4,0xe4,0xe4,0xe4,0xe4,0x1c,0x30,0xff,0xff,0xff,0xff,0xff,0xff,0xff,0x20,0x00,0x00,0x00,0x00,0x00,0x00,0xbc,0xff,
  0x20,0x00,0x00,0x00,0x00,0x00,0x00,0xbc,0xff,0x20,0x00,0x00,0x00,0x00,0x00,0x00,0x5e,0x80,0x10,0x00,0x00,0x00,0x00,0x00,
  0x08,0x00,0x00,0x00,0x00,0x00,0x00,0x00,0x07,0x7f,0xe3,0xff,0xf3,0xa1,0x1c,0x00,0x00,0x00,0x06,0xc0,0xeb,0x7b,0x49,0x65,
  0xd2,0xe7,0x24,0x00,0x00,0x81,0xe9,0x20,0x00,0x00,0x00,0x08,0xbb,0xc7,0x00,0x02,0xeb,0x65,0x16,0xec,0xd9,0xd5,0x35,0x20,
  0xfd,0x35,0x22,0xff,0x1d,0x18,0xff,0x00,0xaf,0x8c,0x00,0xd6,0x69,0x26,0xff,0x18,0x18,0xff,0xd5,0xfb,0x2a,0x00,0xd0,0x6d,
  0x07,0xf4,0x52,0x18,0xff,0x04,0xe1,0x4a,0x12,0xf8,0x43,0x00,0x9b,0xd5,0x16,0x78,0x00,0x43,0x4e,0x99,0xde,0x04,0x00,0x14,
  0xe0,0xd0,0x4a,0x19,0x34,0xa9,0xf9,0x40,0x00,0x00,0x00,0x1b,0xb2,0xfe,0xff,0xff,0xd5,0x3d,0x00,0x00,0x00,0x00,0x00,0x00,
  0x17,0x39,0x25,0x00,0x00,0x00,0x00,0x4a,0x8c,0x8c,0x8c,0x8c,0x1c,0x88,0xff,0xff,0xff,0xff,0x34,0x08,0x95,0xf1,0xe7,0x74,
  0x00,0x91,0xff,0xc1,0xd3,0xff,0x5d,0xee,0xb3,0x00,0x05,0xdf,0xba,0xef,0xb1,0x00,0x04,0xdd,0xba,0x93,0xff,0xbd,0xcf,0xff,
  0x5f,0x08,0x96,0xf1,0xe7,0x75,0x00,0x00,0x00,0x00,0x34,0xff,0xa8,0x00,0x00,0x00,0x00,0x00,0x00,0x34,0xff,0xa8,0x00,0x00,
  0x00,0x5b,0xe0,0xe0,0xe6,0xff,0xf5,0xe0,0xe0,0xbd,0x68,0xff,0xff,0xff,0xff,0xff,0xff,0xff,0xd8,0x00,0x00,0x00,0x34,0xff,
  0xa8,0x00,0x00,0x00,0x00,0x00,0x00,0x34,0xff,0xa8,0x00,0x00,0x00,0x00,0x00,0x00,0x1f,0x9c,0x66,0x00,0x00,0x00,0x00,0x00,
  0x00,0x00,0x00,0x00,0x00,0x00,0x00,0x68,0xff,0xff,0xff,0xff,0xff,0xff,0xff,0xd8,0x5e,0xe8,0xe8,0xe8,0xe8,0xe8,0xe8,0xe8,
  0xc3,0x00,0x3f,0xc9,0xf6,0xe8,0x99,0x0a,0x07,0xf2,0xde,0x73,0xa8,0xff,0x87,0x07,0x38,0x1f,0x00,0x2e,0xff,0x98,0x00,0x00,
  0x00,0x33,0xe2,0xed,0x28,0x00,0x00,0x6f,0xf9,0xc1,0x22,0x00,0x03,0xb2,0xff,0xe0,0x7a,0x78,0x67,0x0c,0xff,0xff,0xff,0xff,
  0xff,0xdc,0x00,0x2b,0xb9,0xf5,0xec,0xa3,0x11,0x00,0x00,0xdc,0xef,0x81,0x95,0xff,0xa0,0x00,0x00,0x1f,0x16,0x00,0x2a,0xfc,
  0xab,0x00,0x00,0x00,0x00,0xed,0xff,0xcd,0x21,0x00,0x02,0x0c,0x07,0x23,0x49,0xec,0xe2,0x04,0x11,0xf5,0xe8,0x86,0x94,0xf9,
  0xf1,0x07,0x00,0x3e,0xbf,0xee,0xeb,0xbe,0x3d,0x00,0x00,0x69,0xb4,0x4e,0x08,0xeb,0xdd,0x09,0x61,0xff,0x47,0x00,0xdc,0xff,
  0x4c,0x00,0x00,0x00,0xe4,0xff,0x44,0x00,0xdc,0xff,0x4c,0x00,0x00,0x00,0xe4,0xff,0x44,0x00,0xdc,0xff,0x4c,0x00,0x00,0x00,
  0xe4,0xff,0x44,0x00,0xdc,0xff,0x4c,0x00,0x00,0x00,0xe4,0xff,0x44,0x00,0xdc,0xff,0x4c,0x00,0x00,0x00,0xe4,0xff,0x44,0x00,
  0xdc,0xff,0x4c,0x00,0x00,0x00,0xe4,0xff,0x44,0x00,0xdc,0xff,0x5e,0x00,0x00,0x00,0xf5,0xff,0x44,0x00,0xdc,0xff,0xbe,0x08,
  0x00,0x5c,0xff,0xff,0x4e,0x00,0xdc,0xff,0xf7,0xea,0xd3,0xfe,0xdd,0xff,0xec,0x46,0xdc,0xff,0x75,0xd1,0xf3,0x87,0x26,0xcc,
  0xfb,0x5c,0xdc,0xff,0x4c,0x00,0x00,0x00,0x00,0x00,0x00,0x00,0xdc,0xff,0x4c,0x00,0x00,0x00,0x00,0x00,0x00,0x00,0xdc,0xff,
  0x4c,0x00,0x00,0x00,0x00,0x00,0x00,0x00,0xdc,0xff,0x4c,0x00,0x00,0x00,0x00,0x00,0x00,0x00,0x00,0x00,0x56,0xc9,0xf4,0xff,
  0xff,0xff,0xf4,0x00,0x6d,0xff,0xff,0xff,0xf1,0xdc,0xfc,0xf4,0x08,0xf1,0xff,0xff,0xff,0x9c,0x00,0xe8,0xf4,0x34,0xff,0xff,
  0xff,0xff,0x9c,0x00,0xe8,0xf4,0x39,0xff,0xff,0xff,0xff,0x9c,0x00,0xe8,0xf4,0x10,0xf9,0xff,0xff,0xff,0x9c,0x00,0xe8,0xf4,
  0x00,0x94,0xff,0xff,0xff,0x9c,0x00,0xe8,0xf4,0x00,0x06,0x8e,0xf5,0xff,0x9c,0x00,0xe8,0xf4,0x00,0x00,0x00,0x09,0x29,0x1f,
  0x00,0xe8,0xf4,0x00,0x00,0x00,0x00,0x00,0x00,0x00,0xe8,0xf4,0x00,0x00,0x00,0x00,0x00,0x00,0x00,0xe8,0xf4,0x00,0x00,0x00,
  0x00,0x00,0x00,0x00,0xe8,0xf4,0x00,0x00,0x00,0x00,0x00,0x00,0x00,0xe8,0xf4,0x2d,0xc2,0x78,0x00,0x94,0xff,0xfd,0x03,0x44,
  0xee,0xa3,0x00,0x00,0xc3,0x35,0x00,0x00,0xe0,0xd4,0x52,0x00,0x01,0xa0,0xc0,0x44,0xff,0xed,0x64,0x00,0x50,0xe2,0xff,0x88,
  0x1b,0xfe,0xc7,0xff,0x88,0x0f,0x3b,0x40,0xff,0x88,0x00,0x00,0x40,0xff,0x88,0x00,0x00,0x40,0xff,0x88,0x00,0x00,0x40,0xff,
  0x88,0x00,0x00,0x40,0xff,0x88,0x00,0x16,0xa1,0xec,0xf4,0xc0,0x37,0x00,0x03,0xd0,0xfe,0x9e,0x87,0xee,0xf5,0x26,0x45,0xff,
  0x9c,0x00,0x00,0x52,0xff,0x8c,0x65,0xff,0x6c,0x00,0x00,0x21,0xff,0xac,0x46,0xff,0x9c,0x00,0x00,0x50,0xff,0x8e,0x04,0xd3,
  0xfe,0x9d,0x86,0xed,0xf6,0x29,0x00,0x18,0xa5,0xee,0xf5,0xc2,0x3b,0x00,0x17,0xe4,0xff,0x5d,0x46,0xfd,0xf0,0x25,0x00,0x00,
  0x00,0x00,0x38,0xf9,0xf7,0x32,0x7a,0xff,0xd5,0x0c,0x00,0x00,0x00,0x00,0x69,0xff,0xe1,0x16,0xaf,0xff,0xac,0x00,0x00,0x00,
  0x00,0x00,0x9f,0xff,0xbe,0x12,0xd9,0xff,0x7a,0x00,0x00,0x00,0x00,0x60,0xff,0xea,0x18,0xa7,0xff,0xbb,0x00,0x00,0x00,0x2d,
  0xf5,0xfc,0x41,0x6b,0xff,0xe1,0x14,0x00,0x00,0x0f,0xdb,0xff,0x72,0x39,0xf9,0xf7,0x33,0x00,0x00,0x01,0xb2,0xff,0xa6,0x17,
  0xe4,0xff,0x5e,0x00,0x00,0x00,0x15,0x5c,0x5b,0x0a,0x2f,0x5c,0x4c,0x00,0x00,0x00,0x00,0x04,0x91,0xff,0xdc,0x00,0x00,0x00,
  0x00,0x00,0x26,0xf7,0x81,0x00,0x00,0x56,0xe1,0xd8,0xdc,0x00,0x00,0x00,0x00,0x01,0xc1,0xd6,0x06,0x00,0x00,0x2d,0x16,0xb8,
  0xdc,0x00,0x00,0x00,0x00,0x67,0xfe,0x3b,0x00,0x00,0x00,0x00,0x00,0xb8,0xdc,0x00,0x00,0x00,0x19,0xf0,0x95,0x00,0x00,0x00,
  0x00,0x00,0x00,0xb8,0xdc,0x00,0x00,0x00,0xae,0xe3,0x0d,0x00,0x00,0x00,0x00,0x00,0x00,0xb8,0xdc,0x00,0x00,0x53,0xff,0x4d,
  0x00,0x07,0x1c,0x14,0x00,0x00,0x00,0xb8,0xdc,0x00,0x0f,0xe6,0xa9,0x00,0x00,0x8f,0xff,0xb8,0x00,0x00,0x00,0x33,0x3d,0x00,
  0x9b,0xee,0x17,0x00,0x1f,0xf8,0xfb,0xb8,0x00,0x00,0x00,0x00,0x00,0x3f,0xfe,0x61,0x00,0x00,0xa1,0xda,0xbf,0xb8,0x00,0x00,
  0x00,0x00,0x08,0xda,0xbc,0x00,0x00,0x2c,0xfd,0x5c,0xbc,0xb8,0x00,0x00,0x00,0x00,0x87,0xf6,0x23,0x00,0x00,0xb2,0xe1,0x1b,
  0xc2,0xbe,0x0c,0x00,0x00,0x2f,0xfb,0x75,0x00,0x00,0x00,0xf0,0xff,0xff,0xff,0xff,0x88,0x00,0x03,0xcb,0xcd,0x03,0x00,0x00,
  0x00,0x3f,0x44,0x44,0xd6,0xcb,0x24,0x00,0x0e,0x44,0x1c,0x00,0x00,0x00,0x00,0x00,0x00,0x00,0x35,0x30,0x00,0x02,0x85,0xf3,
  0xd1,0x00,0x00,0x00,0x00,0x00,0x21,0xeb,0x7f,0x00,0x00,0x00,0x54,0xe7,0xdb,0xdc,0x00,0x00,0x00,0x00,0x00,0xba,0xdc,0x09,
  0x00,0x00,0x00,0x31,0x1b,0xb8,0xdc,0x00,0x00,0x00,0x00,0x5f,0xff,0x42,0x00,0x00,0x00,0x00,0x00,0x00,0xb8,0xdc,0x00,0x00,
  0x00,0x16,0xec,0x9c,0x00,0x00,0x00,0x00,0x00,0x00,0x00,0xb8,0xdc,0x00,0x00,0x00,0xa8,0xe7,0x10,0x00,0x00,0x00,0x00,0x00,
  0x00,0x00,0xb8,0xdc,0x00,0x00,0x4b,0xff,0x54,0x00,0x02,0x19,0x04,0x00,0x00,0x00,0x00,0xb8,0xdc,0x00,0x0d,0xe2,0xb0,0x00,
  0x36,0xe3,0xff,0xef,0x4f,0x00,0x00,0x00,0x3c,0x48,0x00,0x94,0xf0,0x1a,0x00,0xbd,0xe3,0x68,0xd7,0xe7,0x00,0x00,0x00,0x00,
  0x00,0x3a,0xfd,0x67,0x00,0x00,0x03,0x02,0x00,0x9e,0xe7,0x00,0x00,0x00,0x00,0x06,0xd5,0xc1,0x01,0x00,0x00,0x00,0x00,0x3f,
  0xfa,0x6d,0x00,0x00,0x00,0x00,0x81,0xf8,0x27,0x00,0x00,0x00,0x00,0x36,0xf1,0xa5,0x00,0x00,0x00,0x00,0x2b,0xf9,0x7a,0x00,
  0x00,0x00,0x00,0x2f,0xee,0xd0,0x21,0x1c,0x03,0x00,0x02,0xc7,0xd1,0x05,0x00,0x00,0x00,0x00,0xb9,0xff,0xff,0xff,0xff,0x1c,
  0x00,0x0f,0x4c,0x20,0x00,0x00,0x00,0x00,0x00,0x37,0x4c,0x4c,0x4c,0x4c,0x08,0x00,0x00,0x00,0x08,0x00,0x00,0x00,0x00,0x00,
  0x00,0x00,0x0a,0x14,0x01,0x00,0x00,0x5b,0xe7,0xff,0xc7,0x17,0x00,0x00,0x00,0x00,0x08,0xda,0xbc,0x00,0x00,0x12,0xe4,0xa1,
  0x5e,0xfa,0x8f,0x00,0x00,0x00,0x00,0x85,0xf6,0x23,0x00,0x00,0x00,0x00,0x02,0x1f,0xf1,0x8c,0x00,0x00,0x00,0x2d,0xfa,0x77,
  0x00,0x00,0x00,0x00,0x00,0x88,0xff,0xda,0x1b,0x00,0x00,0x02,0xc8,0xcf,0x04,0x00,0x00,0x00,0x00,0x00,0x1b,0x44,0xe6,0xc1,
  0x00,0x00,0x6f,0xfc,0x34,0x00,0x00,0x00,0x00,0x23,0x8c,0x5a,0x31,0xdb,0xe1,0x00,0x1e,0xf3,0x8d,0x00,0x00,0x1b,0x1c,0x00,
  0x07,0xb8,0xff,0xff,0xf8,0x5f,0x00,0xb4,0xdf,0x0b,0x00,0x47,0xff,0xff,0x00,0x00,0x00,0x29,0x41,0x15,0x00,0x58,0xff,0x48,
  0x00,0x01,0xcd,0xf9,0xff,0x00,0x00,0x00,0x00,0x00,0x00,0x11,0xe8,0xa4,0x00,0x00,0x57,0xfc,0x94,0xff,0x00,0x00,0x00,0x00,
  0x00,0x00,0x9e,0xec,0x15,0x00,0x04,0xda,0xa1,0x70,0xff,0x00,0x00,0x00,0x00,0x00,0x42,0xff,0x5e,0x00,0x00,0x66,0xff,0x3e,
  0x7d,0xff,0x13,0x00,0x00,0x00,0x08,0xdb,0xbb,0x00,0x00,0x00,0xa4,0xff,0xff,0xff,0xff,0xd0,0x00,0x00,0x00,0x87,0xf6,0x22,
  0x00,0x00,0x00,0x2b,0x44,0x44,0x9f,0xff,0x37,0x00,0x00,0x00,0x3f,0x2f,0x00,0x00,0x00,0x00,0x00,0x00,0x00,0x20,0x44,0x00,
  0x00,0x00,0x00,0x17,0xda,0xdc,0x1b,0x00,0x00,0x00,0x00,0x00,0x4c,0xff,0xff,0x53,0x00,0x00,0x00,0x00,0x00,0x09,0xa2,0xa4,
  0x0b,0x00,0x00,0x00,0x00,0x00,0x00,0x00,0x00,0x00,0x00,0x00,0x00,0x00,0x00,0x00,0xbc,0xbf,0x01,0x00,0x00,0x00,0x00,0x00,
  0x1f,0xff,0xf3,0x00,0x00,0x00,0x00,0x00,0x0e,0xbc,0xff,0xbd,0x00,0x00,0x00,0x00,0x1b,0xd5,0xff,0xed,0x33,0x00,0x00,0x00,
  0x00,0xbc,0xff,0xe3,0x26,0x00,0x00,0x00,0x00,0x16,0xff,0xff,0x3b,0x00,0x00,0x00,0x00,0x00,0x27,0xff,0xff,0x13,0x00,0x00,
  0x7f,0xcc,0x6a,0x09,0xf4,0xff,0x7e,0x00,0x28,0xed,0xff,0x56,0x00,0x7f,0xff,0xff,0xf1,0xfd,0xff,0xcf,0x05,0x00,0x00,0x68,
  0xd3,0xf8,0xe8,0x99,0x13,0x00,0x00,0x00,0x00,0x0e,0xe6,0xf6,0x13,0x00,0x00,0x00,0x00,0x00,0x00,0x00,0x00,0x00,0x57,0xff,
  0x78,0x00,0x00,0x00,0x00,0x00,0x00,0x00,0x00,0x00,0x00,0x91,0x96,0x00,0x00,0x00,0x00,0x00,0x00,0x00,0x00,0x00,0x00,0x00,
  0x00,0x00,0x00,0x00,0x00,0x00,0x00,0x00,0x00,0x00,0x6f,0xff,0xff,0xb7,0x00,0x00,0x00,0x00,0x00,0x00,0x00,0x00,0xc3,0xff,
  0xfe,0xfb,0x13,0x00,0x00,0x00,0x00,0x00,0x00,0x1a,0xfe,0xf1,0xb8,0xff,0x65,0x00,0x00,0x00,0x00,0x00,0x00,0x6d,0xff,0xb5,
  0x72,0xff,0xbc,0x00,0x00,0x00,0x00,0x00,0x00,0xc2,0xff,0x73,0x2e,0xff,0xfc,0x16,0x00,0x00,0x00,0x00,0x19,0xfd,0xff,0x2f,
  0x00,0xe6,0xff,0x6a,0x00,0x00,0x00,0x00,0x6c,0xff,0xe6,0x01,0x00,0x9c,0xff,0xc1,0x00,0x00,0x00,0x00,0xc1,0xff,0x98,0x00,
  0x00,0x49,0xff,0xfd,0x1a,0x00,0x00,0x18,0xfd,0xff,0xff,0xff,0xff,0xff,0xff,0xff,0x6f,0x00,0x00,0x6b,0xff,0xfb,0xe4,0xe4,
  0xe4,0xe4,0xf2,0xff,0xc6,0x00,0x00,0xc0,0xff,0xa8,0x00,0x00,0x00,0x00,0x53,0xff,0xfe,0x1e,0x17,0xfd,0xff,0x55,0x00,0x00,
  0x00,0x00,0x08,0xf2,0xff,0x74,0x6a,0xff,0xf6,0x0b,0x00,0x00,0x00,0x00,0x00,0xa4,0xff,0xcc,0x00,0x00,0x00,0x00,0x00,0x00,
  0xb3,0xff,0x48,0x00,0x00,0x00,0x00,0x00,0x00,0x00,0x00,0x22,0xfd,0xaa,0x00,0x00,0x00,0x00,0x00,0x00,0x00,0x00,0x00,0x58,
  0xb2,0x1a,0x00,0x00,0x00,0x00,0x00,0x00,0x00,0x00,0x00,0x00,0x00,0x00,0x00,0x00,0x00,0x00,0x00,0x00,0x00,0x00,0x6f,0xff,
  0xff,0xb7,0x00,0x00,0x00,0x00,0x00,0x00,0x00,0x00,0xc3,0xff,0xfe,0xfb,0x13,0x00,0x00,0x00,0x00,0x00,0x00,0x1a,0xfe,0xf1,
  0xb8,0xff,0x65,0x00,0x00,0x00,0x00,0x00,0x00,0x6d,0xff,0xb5,0x72,0xff,0xbc,0x00,0x00,0x00,0x00,0x00,0x00,0xc2,0xff,0x73,
  0x2e,0xff,0xfc,0x16,0x00,0x00,0x00,0x00,0x19,0xfd,0xff,0x2f,0x00,0xe6,0xff,0x6a,0x00,0x00,0x00,0x00,0x6c,0xff,0xe6,0x01,
  0x00,0x9c,0xff,0xc1,0x00,0x00,0x00,0x00,0xc1,0xff,0x98,0x00,0x00,0x49,0xff,0xfd,0x1a,0x00,0x00,0x18,0xfd,0xff,0xff,0xff,
  0xff,0xff,0xff,0xff,0x6f,0x00,0x00,0x6b,0xff,0xfb,0xe4,0xe4,0xe4,0xe4,0xf2,0xff,0xc6,0x00,0x00,0xc0,0xff,0xa8,0x00,0x00,
  0x00,0x00,0x53,0xff,0xfe,0x1e,0x17,0xfd,0xff,0x55,0x00,0x00,0x00,0x00,0x08,0xf2,0xff,0x74,0x6a,0xff,0xf6,0x0b,0x00,0x00,
  0x00,0x00,0x00,0xa4,0xff,0xcc,0x00,0x00,0x00,0x00,0x36,0xf3,0xff,0x7d,0x00,0x00,0x00,0x00,0x00,0x00,0x00,0x29,0xec,0xc6,
  0x7d,0xff,0x63,0x00,0x00,0x00,0x00,0x00,0x00,0x63,0x7f,0x18,0x00,0x6d,0x7b,0x0b,0x00,0x00,0x00,0x00,0x00,0x00,0x00,0x00,
  0x00,0x00,0x00,0x00,0x00,0x00,0x00,0x00,0x00,0x00,0x6f,0xff,0xff,0xb7,0x00,0x00,0x00,0x00,0x00,0x00,0x00,0x00,0xc3,0xff,
  0xfe,0xfb,0x13,0x00,0x00,0x00,0x00,0x00,0x00,0x1a,0xfe,0xf1,0xb8,0xff,0x65,0x00,0x00,0x00,0x00,0x00,0x00,0x6d,0xff,0xb5,
  0x72,0xff,0xbc,0x00,0x00,0x00,0x00,0x00,0x00,0xc2,0xff,0x73,0x2e,0xff,0xfc,0x16,0x00,0x00,0x00,0x00,0x19,0xfd,0xff,0x2f,
  0x00,0xe6,0xff,0x6a,0x00,0x00,0x00,0x00,0x6c,0xff,0xe6,0x01,0x00,0x9c,0xff,0xc1,0x00,0x00,0x00,0x00,0xc1,0xff,0x98,0x00,
  0x00,0x49,0xff,0xfd,0x1a,0x00,0x00,0x18,0xfd,0xff,0xff,0xff,0xff,0xff,0xff,0xff,0x6f,0x00,0x00,0x6b,0xff,0xfb,0xe4,0xe4,
  0xe4,0xe4,0xf2,0xff,0xc6,0x00,0x00,0xc0,0xff,0xa8,0x00,0x00,0x00,0x00,0x53,0xff,0xfe,0x1e,0x17,0xfd,0xff,0x55,0x00,0x00,
  0x00,0x00,0x08,0xf2,0xff,0x74,0x6a,0xff,0xf6,0x0b,0x00,0x00,0x00,0x00,0x00,0xa4,0xff,0xcc,0x00,0x00,0x00,0x00,0x02,0x03,
  0x00,0x07,0x12,0x00,0x00,0x00,0x00,0x00,0x00,0x18,0xe1,0xed,0x69,0x8d,0xd3,0x00,0x00,0x00,0x00,0x00,0x00,0x72,0xe5,0x6d,
  0xf1,0xff,0x78,0x00,0x00,0x00,0x00,0x00,0x00,0x27,0x34,0x00,0x10,0x35,0x00,0x00,0x00,0x00,0x00,0x00,0x00,0x00,0x00,0x00,
  0x00,0x00,0x00,0x00,0x00,0x00,0x00,0x00,0x00,0x00,0x6f,0xff,0xff,0xb7,0x00,0x00,0x00,0x00,0x00,0x00,0x00,0x00,0xc3,0xff,
  0xfe,0xfb,0x13,0x00,0x00,0x00,0x00,0x00,0x00,0x1a,0xfe,0xf1,0xb8,0xff,0x65,0x00,0x00,0x00,0x00,0x00,0x00,0x6d,0xff,0xb5,
  0x72,0xff,0xbc,0x00,0x00,0x00,0x00,0x00,0x00,0xc2,0xff,0x73,0x2e,0xff,0xfc,0x16,0x00,0x00,0x00,0x00,0x19,0xfd,0xff,0x2f,
  0x00,0xe6,0xff,0x6a,0x00,0x00,0x00,0x00,0x6c,0xff,0xe6,0x01,0x00,0x9c,0xff,0xc1,0x00,0x00,0x00,0x00,0xc1,0xff,0x98,0x00,
  0x00,0x49,0xff,0xfd,0x1a,0x00,0x00,0x18,0xfd,0xff,0xff,0xff,0xff,0xff,0xff,0xff,0x6f,0x00,0x00,0x6b,0xff,0xfb,0xe4,0xe4,
  0xe4,0xe4,0xf2,0xff,0xc6,0x00,0x00,0xc0,0xff,0xa8,0x00,0x00,0x00,0x00,0x53,0xff,0xfe,0x1e,0x17,0xfd,0xff,0x55,0x00,0x00,
  0x00,0x00,0x08,0xf2,0xff,0x74,0x6a,0xff,0xf6,0x0b,0x00,0x00,0x00,0x00,0x00,0xa4,0xff,0xcc,0x00,0x00,0x00,0x7a,0xef,0x3e,
  0x09,0xd1,0xca,0x05,0x00,0x00,0x00,0x00,0x00,0xb2,0xff,0x6d,0x19,0xfd,0xfa,0x12,0x00,0x00,0x00,0x00,0x00,0x19,0x58,0x05,
  0x00,0x3e,0x39,0x00,0x00,0x00,0x00,0x00,0x00,0x00,0x00,0x00,0x00,0x00,0x00,0x00,0x00,0x00,0x00,0x00,0x00,0x00,0x6f,0xff,
  0xff,0xb7,0x00,0x00,0x00,0x00,0x00,0x00,0x00,0x00,0xc3,0xff,0xfe,0xfb,0x13,0x00,0x00,0x00,0x00,0x00,0x00,0x1a,0xfe,0xf1,
  0xb8,0xff,0x65,0x00,0x00,0x00,0x00,0x00,0x00,0x6d,0xff,0xb5,0x72,0xff,0xbc,0x00,0x00,0x00,0x00,0x00,0x00,0xc2,0xff,0x73,
  0x2e,0xff,0xfc,0x16,0x00,0x00,0x00,0x00,0x19,0xfd,0xff,0x2f,0x00,0xe6,0xff,0x6a,0x00,0x00,0x00,0x00,0x6c,0xff,0xe6,0x01,
  0x00,0x9c,0xff,0xc1,0x00,0x00,0x00,0x00,0xc1,0xff,0x98,0x00,0x00,0x49,0xff,0xfd,0x1a,0x00,0x00,0x18,0xfd,0xff,0xff,0xff,
  0xff,0xff,0xff,0xff,0x6f,0x00,0x00,0x6b,0xff,0xfb,0xe4,0xe4,0xe4,0xe4,0xf2,0xff,0xc6,0x00,0x00,0xc0,0xff,0xa8,0x00,0x00,
  0x00,0x00,0x53,0xff,0xfe,0x1e,0x17,0xfd,0xff,0x55,0x00,0x00,0x00,0x00,0x08,0xf2,0xff,0x74,0x6a,0xff,0xf6,0x0b,0x00,0x00,
  0x00,0x00,0x00,0xa4,0xff,0xcc,0x00,0x00,0x00,0x00,0x43,0xd5,0xe7,0x84,0x00,0x00,0x00,0x00,0x00,0x00,0x00,0x02,0xec,0x81,
  0x43,0xf5,0x47,0x00,0x00,0x00,0x00,0x00,0x00,0x05,0xf8,0x5a,0x16,0xed,0x55,0x00,0x00,0x00,0x00,0x00,0x00,0x00,0x6b,0xfa,
  0xfe,0xb7,0x05,0x00,0x00,0x00,0x00,0x00,0x00,0x00,0x00,0x0c,0x18,0x00,0x00,0x00,0x00,0x00,0x00,0x00,0x00,0x00,0x6f,0xff,
  0xff,0xb7,0x00,0x00,0x00,0x00,0x00,0x00,0x00,0x00,0xc3,0xff,0xfe,0xfb,0x13,0x00,0x00,0x00,0x00,0x00,0x00,0x1a,0xfe,0xf1,
  0xb8,0xff,0x65,0x00,0x00,0x00,0x00,0x00,0x00,0x6d,0xff,0xb5,0x72,0xff,0xbc,0x00,0x00,0x00,0x00,0x00,0x00,0xc2,0xff,0x73,
  0x2e,0xff,0xfc,0x16,0x00,0x00,0x00,0x00,0x19,0xfd,0xff,0x2f,0x00,0xe6,0xff,0x6a,0x00,0x00,0x00,0x00,0x6c,0xff,0xe6,0x01,
  0x00,0x9c,0xff,0xc1,0x00,0x00,0x00,0x00,0xc1,0xff,0x98,0x00,0x00,0x49,0xff,0xfd,0x1a,0x00,0x00,0x18,0xfd,0xff,0xff,0xff,
  0xff,0xff,0xff,0xff,0x6f,0x00,0x00,0x6b,0xff,0xfb,0xe4,0xe4,0xe4,0xe4,0xf2,0xff,0xc6,0x00,0x00,0xc0,0xff,0xa8,0x00,0x00,
  0x00,0x00,0x53,0xff,0xfe,0x1e,0x17,0xfd,0xff,0x55,0x00,0x00,0x00,0x00,0x08,0xf2,0xff,0x74,0x6a,0xff,0xf6,0x0b,0x00,0x00,
  0x00,0x00,0x00,0xa4,0xff,0xcc,0x00,0x00,0x00,0x00,0x00,0x43,0xff,0xff,0xff,0xff,0xff,0xff,0xff,0xff,0xff,0xff,0x30,0x00,
  0x00,0x00,0x00,0x00,0xaf,0xff,0xbe,0xde,0xff,0xfd,0xfc,0xfc,0xfc,0xfc,0xfc,0x2f,0x00,0x00,0x00,0x00,0x1f,0xfc,0xff,0x2e,
  0xbc,0xff,0x64,0x00,0x00,0x00,0x00,0x00,0x00,0x00,0x00,0x00,0x00,0x89,0xff,0xc5,0x00,0xbc,0xff,0x64,0x00,0x00,0x00,0x00,
  0x00,0x00,0x00,0x00,0x00,0x09,0xed,0xff,0x5b,0x00,0xbc,0xff,0x64,0x00,0x00,0x00,0x00,0x00,0x00,0x00,0x00,0x00,0x63,0xff,
  0xeb,0x07,0x00,0xbc,0xff,0xfb,0xf8,0xf8,0xf8,0xf8,0xc1,0x00,0x00,0x00,0x00,0xcf,0xff,0x89,0x00,0x00,0xbc,0xff,0xff,0xff,
  0xff,0xff,0xff,0xc8,0x00,0x00,0x00,0x3d,0xff,0xfe,0x22,0x00,0x00,0xbc,0xff,0x64,0x00,0x00,0x00,0x00,0x00,0x00,0x00,0x00,
  0xaa,0xff,0xff,0xff,0xff,0xff,0xff,0xff,0x64,0x00,0x00,0x00,0x00,0x00,0x00,0x00,0x1b,0xfb,0xff,0xc9,0xc0,0xc0,0xc0,0xef,
  0xff,0x64,0x00,0x00,0x00,0x00,0x00,0x00,0x00,0x84,0xff,0xe1,0x03,0x00,0x00,0x00,0xbc,0xff,0x64,0x00,0x00,0x00,0x00,0x00,
  0x00,0x07,0xe9,0xff,0x7a,0x00,0x00,0x00,0x00,0xbc,0xff,0xfd,0xfc,0xfc,0xfc,0xfc,0xfc,0x3f,0x5e,0xff,0xf9,0x16,0x00,0x00,
  0x00,0x00,0xbc,0xff,0xff,0xff,0xff,0xff,0xff,0xff,0x40,0x00,0x00,0x00,0x25,0x99,0xde,0xf8,0xe4,0xa1,0x28,0x00,0x00,0x00,
  0x00,0x49,0xf3,0xff,0xff,0xff,0xff,0xff,0xf9,0x4f,0x00,0x00,0x1d,0xf0,0xff,0xce,0x4b,0x24,0x48,0xc6,0xff,0xf4,0x19,0x00,
  0x92,0xff,0xe2,0x0b,0x00,0x00,0x00,0x0a,0xdb,0xff,0x7e,0x00,0xe6,0xff,0x69,0x00,0x00,0x00,0x00,0x00,0x3e,0x6c,0x49,0x0b,
  0xff,0xff,0x34,0x00,0x00,0x00,0x00,0x00,0x00,0x00,0x00,0x1e,0xff,0xff,0x19,0x00,0x00,0x00,0x00,0x00,0x00,0x00,0x00,0x0b,
  0xff,0xff,0x27,0x00,0x00,0x00,0x00,0x00,0x00,0x00,0x00,0x00,0xe7,0xff,0x60,0x00,0x00,0x00,0x00,0x00,0x3e,0x6c,0x49,0x00,
  0x94,0xff,0xd6,0x0a,0x00,0x00,0x00,0x09,0xdb,0xff,0x7d,0x00,0x1f,0xf2,0xff,0xcc,0x4a,0x23,0x46,0xc3,0xff,0xf2,0x16,0x00,
  0x00,0x4c,0xf4,0xff,0xff,0xff,0xff,0xff,0xf6,0x4a,0x00,0x00,0x00,0x00,0x28,0x9c,0xe0,0xff,0xe4,0xa0,0x28,0x00,0x00,0x00,
  0x00,0x00,0x00,0x00,0x16,0xf3,0x27,0x00,0x00,0x00,0x00,0x00,0x00,0x00,0x00,0x00,0x22,0xbb,0xfa,0x4f,0x00,0x00,0x00,0x00,
  0x00,0x00,0x00,0x00,0x00,0x08,0xd6,0x7c,0x00,0x00,0x00,0x00,0x00,0x00,0x00,0x00,0x88,0xfd,0xd8,0x29,0x00,0x00,0x00,0x00,
  0x05,0xd3,0xfe,0x27,0x00,0x00,0x00,0x00,0x00,0x00,0x3c,0xfe,0x94,0x00,0x00,0x00,0x00,0x00,0x00,0x00,0x7e,0xa7,0x02,0x00,
  0x00,0x00,0x00,0x00,0x00,0x00,0x00,0x00,0x00,0x00,0x00,0xc0,0xff,0xff,0xff,0xff,0xff,0xff,0xff,0x48,0xc0,0xff,0xfd,0xfc,
  0xfc,0xfc,0xfc,0xfc,0x46,0xc0,0xff,0x78,0x00,0x00,0x00,0x00,0x00,0x00,0xc0,0xff,0x78,0x00,0x00,0x00,0x00,0x00,0x00,0xc0,
  0xff,0x78,0x00,0x00,0x00,0x00,0x00,0x00,0xc0,0xff,0xf9,0xf4,0xf4,0xf4,0xf4,0xcd,0x00,0xc0,0xff,0xff,0xff,0xff,0xff,0xff,
  0xd8,0x00,0xc0,0xff,0x78,0x00,0x00,0x00,0x00,0x00,0x00,0xc0,0xff,0x78,0x00,0x00,0x00,0x00,0x00,0x00,0xc0,0xff,0x78,0x00,
  0x00,0x00,0x00,0x00,0x00,0xc0,0xff,0x78,0x00,0x00,0x00,0x00,0x00,0x00,0xc0,0xff,0xfd,0xfc,0xfc,0xfc,0xfc,0xfc,0x4e,0xc0,
  0xff,0xff,0xff,0xff,0xff,0xff,0xff,0x50,0x00,0x00,0x00,0x00,0x97,0xff,0x67,0x00,0x00,0x00,0x00,0x00,0x10,0xf4,0xc6,0x01,
  0x00,0x00,0x00,0x00,0x00,0x44,0xb4,0x2d,0x00,0x00,0x00,0x00,0x00,0x00,0x00,0x00,0x00,0x00,0x00,0x00,0xc0,0xff,0xff,0xff,
  0xff,0xff,0xff,0xff,0x48,0xc0,0xff,0xfd,0xfc,0xfc,0xfc,0xfc,0xfc,0x46,0xc0,0xff,0x78,0x00,0x00,0x00,0x00,0x00,0x00,0xc0,
  0xff,0x78,0x00,0x00,0x00,0x00,0x00,0x00,0xc0,0xff,0x78,0x00,0x00,0x00,0x00,0x00,0x00,0xc0,0xff,0xf9,0xf4,0xf4,0xf4,0xf4,
  0xcd,0x00,0xc0,0xff,0xff,0xff,0xff,0xff,0xff,0xd8,0x00,0xc0,0xff,0x78,0x00,0x00,0x00,0x00,0x00,0x00,0xc0,0xff,0x78,0x00,
  0x00,0x00,0x00,0x00,0x00,0xc0,0xff,0x78,0x00,0x00,0x00,0x00,0x00,0x00,0xc0,0xff,0x78,0x00,0x00,0x00,0x00,0x00,0x00,0xc0,
  0xff,0xfd,0xfc,0xfc,0xfc,0xfc,0xfc,0x4e,0xc0,0xff,0xff,0xff,0xff,0xff,0xff,0xff,0x50,0x00,0x00,0x22,0xe7,0xff,0x99,0x00,
  0x00,0x00,0x00,0x18,0xdd,0xd9,0x69,0xff,0x81,0x00,0x00,0x00,0x53,0x80,0x26,0x00,0x5e,0x7f,0x17,0x00,0x00,0x00,0x00,0x00,
  0x00,0x00,0x00,0x00,0x00,0xc0,0xff,0xff,0xff,0xff,0xff,0xff,0xff,0x48,0xc0,0xff,0xfd,0xfc,0xfc,0xfc,0xfc,0xfc,0x46,0xc0,
  0xff,0x78,0x00,0x00,0x00,0x00,0x00,0x00,0xc0,0xff,0x78,0x00,0x00,0x00,0x00,0x00,0x00,0xc0,0xff,0x78,0x00,0x00,0x00,0x00,
  0x00,0x00,0xc0,0xff,0xf9,0xf4,0xf4,0xf4,0xf4,0xcd,0x00,0xc0,0xff,0xff,0xff,0xff,0xff,0xff,0xd8,0x00,0xc0,0xff,0x78,0x00,
  0x00,0x00,0x00,0x00,0x00,0xc0,0xff,0x78,0x00,0x00,0x00,0x00,0x00,0x00,0xc0,0xff,0x78,0x00,0x00,0x00,0x00,0x00,0x00,0xc0,
  0xff,0x78,0x00,0x00,0x00,0x00,0x00,0x00,0xc0,0xff,0xfd,0xfc,0xfc,0xfc,0xfc,0xfc,0x4e,0xc0,0xff,0xff,0xff,0xff,0xff,0xff,
  0xff,0x50,0x00,0x60,0xf2,0x54,0x00,0xbe,0xdb,0x11,0x00,0x00,0x96,0xff,0x89,0x05,0xf5,0xff,0x29,0x00,0x00,0x10,0x5b,0x0c,
  0x00,0x33,0x45,0x00,0x00,0x00,0x00,0x00,0x00,0x00,0x00,0x00,0x00,0x00,0xc0,0xff,0xff,0xff,0xff,0xff,0xff,0xff,0x48,0xc0,
  0xff,0xfd,0xfc,0xfc,0xfc,0xfc,0xfc,0x46,0xc0,0xff,0x78,0x00,0x00,0x00,0x00,0x00,0x00,0xc0,0xff,0x78,0x00,0x00,0x00,0x00,
  0x00,0x00,0xc0,0xff,0x78,0x00,0x00,0x00,0x00,0x00,0x00,0xc0,0xff,0xf9,0xf4,0xf4,0xf4,0xf4,0xcd,0x00,0xc0,0xff,0xff,0xff,
  0xff,0xff,0xff,0xd8,0x00,0xc0,0xff,0x78,0x00,0x00,0x00,0x00,0x00,0x00,0xc0,0xff,0x78,0x00,0x00,0x00,0x00,0x00,0x00,0xc0,
  0xff,0x78,0x00,0x00,0x00,0x00,0x00,0x00,0xc0,0xff,0x78,0x00,0x00,0x00,0x00,0x00,0x00,0xc0,0xff,0xfd,0xfc,0xfc,0xfc,0xfc,
  0xfc,0x4e,0xc0,0xff,0xff,0xff,0xff,0xff,0xff,0xff,0x50,0x01,0xc3,0xff,0x3a,0x00,0x00,0x2c,0xfa,0xa8,0x00,0x00,0x00,0x70,
  0xae,0x08,0x00,0x00,0x00,0x00,0x00,0x00,0x00,0xc0,0xff,0x78,0x00,0x00,0xc0,0xff,0x78,0x00,0x00,0xc0,0xff,0x78,0x00,0x00,
  0xc0,0xff,0x78,0x00,0x00,0xc0,0xff,0x78,0x00,0x00,0xc0,0xff,0x78,0x00,0x00,0xc0,0xff,0x78,0x00,0x00,0xc0,0xff,0x78,0x00,
  0x00,0xc0,0xff,0x78,0x00,0x00,0xc0,0xff,0x78,0x00,0x00,0xc0,0xff,0x78,0x00,0x00,0xc0,0xff,0x78,0x00,0x00,0xc0,0xff,0x78,
  0x00,0x87,0xff,0x78,0x08,0xeb,0xd5,0x05,0x39,0xb4,0x3a,0x00,0x00,0x00,0x00,0x00,0xc0,0xff,0x78,0x00,0xc0,0xff,0x78,0x00,
  0xc0,0xff,0x78,0x00,0xc0,0xff,0x78,0x00,0xc0,0xff,0x78,0x00,0xc0,0xff,0x78,0x00,0xc0,0xff,0x78,0x00,0xc0,0xff,0x78,0x00,
  0xc0,0xff,0x78,0x00,0xc0,0xff,0x78,0x00,0xc0,0xff,0x78,0x00,0xc0,0xff,0x78,0x00,0xc0,0xff,0x78,0x00,0x00,0x1a,0xdf,0xff,
  0xac,0x02,0x00,0x12,0xd4,0xe4,0x61,0xfd,0x94,0x00,0x4b,0x80,0x30,0x00,0x56,0x80,0x21,0x00,0x00,0x00,0x00,0x00,0x00,0x00,
  0x00,0x00,0xc0,0xff,0x78,0x00,0x00,0x00,0x00,0xc0,0xff,0x78,0x00,0x00,0x00,0x00,0xc0,0xff,0x78,0x00,0x00,0x00,0x00,0xc0,
  0xff,0x78,0x00,0x00,0x00,0x00,0xc0,0xff,0x78,0x00,0x00,0x00,0x00,0xc0,0xff,0x78,0x00,0x00,0x00,0x00,0xc0,0xff,0x78,0x00,
  0x00,0x00,0x00,0xc0,0xff,0x78,0x00,0x00,0x00,0x00,0xc0,0xff,0x78,0x00,0x00,0x00,0x00,0xc0,0xff,0x78,0x00,0x00,0x00,0x00,
  0xc0,0xff,0x78,0x00,0x00,0x00,0x00,0xc0,0xff,0x78,0x00,0x00,0x00,0x00,0xc0,0xff,0x78,0x00,0x00,0x53,0xf2,0x65,0x00,0xad,
  0xe3,0x1c,0x86,0xff,0x9d,0x00,0xe9,0xff,0x3d,0x0b,0x5a,0x11,0x00,0x2b,0x4c,0x00,0x00,0x00,0x00,0x00,0x00,0x00,0x00,0x00,
  0x00,0xc0,0xff,0x78,0x00,0x00,0x00,0x00,0xc0,0xff,0x78,0x00,0x00,0x00,0x00,0xc0,0xff,0x78,0x00,0x00,0x00,0x00,0xc0,0xff,
  0x78,0x00,0x00,0x00,0x00,0xc0,0xff,0x78,0x00,0x00,0x00,0x00,0xc0,0xff,0x78,0x00,0x00,0x00,0x00,0xc0,0xff,0x78,0x00,0x00,
  0x00,0x00,0xc0,0xff,0x78,0x00,0x00,0x00,0x00,0xc0,0xff,0x78,0x00,0x00,0x00,0x00,0xc0,0xff,0x78,0x00,0x00,0x00,0x00,0xc0,
  0xff,0x78,0x00,0x00,0x00,0x00,0xc0,0xff,0x78,0x00,0x00,0x00,0x00,0xc0,0xff,0x78,0x00,0x00,0x00,0x40,0xff,0xff,0xff,0xff,
  0xf1,0xd1,0x7d,0x12,0x00,0x00,0x00,0x40,0xff,0xff,0xff,0xff,0xff,0xff,0xff,0xdf,0x2a,0x00,0x00,0x40,0xff,0xf4,0x0c,0x0c,
  0x19,0x55,0xda,0xff,0xd4,0x06,0x00,0x40,0xff,0xf4,0x00,0x00,0x00,0x00,0x16,0xeb,0xff,0x5c,0x00,0x40,0xff,0xf4,0x00,0x00,
  0x00,0x00,0x00,0x8b,0xff,0xac,0x8e,0xec,0xff,0xff,0xac,0xac,0x8b,0x00,0x00,0x56,0xff,0xd0,0xd4,0xff,0xff,0xff,0xff,0xff,
  0xd0,0x00,0x00,0x48,0xff,0xe1,0x00,0x40,0xff,0xf4,0x00,0x00,0x00,0x00,0x00,0x57,0xff,0xcf,0x00,0x40,0xff,0xf4,0x00,0x00,
  0x00,0x00,0x00,0x8e,0xff,0xab,0x00,0x40,0xff,0xf4,0x00,0x00,0x00,0x00,0x19,0xed,0xff,0x5c,0x00,0x40,0xff,0xf4,0x0c,0x0c,
  0x1a,0x58,0xdd,0xff,0xd4,0x07,0x00,0x40,0xff,0xff,0xff,0xff,0xff,0xff,0xff,0xde,0x29,0x00,0x00,0x40,0xff,0xff,0xff,0xff,
  0xf0,0xcf,0x7b,0x11,0x00,0x00,0x00,0x00,0x00,0x00,0x05,0x00,0x01,0x14,0x03,0x00,0x00,0x00,0x00,0x00,0xb1,0xf9,0x97,0x51,
  0xff,0x1d,0x00,0x00,0x00,0x00,0x28,0xff,0x6e,0xd3,0xff,0xc4,0x00,0x00,0x00,0x00,0x00,0x12,0x47,0x01,0x05,0x36,0x0b,0x00,
  0x00,0x00,0x00,0x00,0x00,0x00,0x00,0x00,0x00,0x00,0x00,0x00,0x00,0xc0,0xff,0xf2,0x19,0x00,0x00,0x00,0x00,0x98,0xff,0xa8,
  0xc0,0xff,0xff,0xa4,0x00,0x00,0x00,0x00,0x98,0xff,0xa8,0xc0,0xff,0xfe,0xff,0x3e,0x00,0x00,0x00,0x98,0xff,0xa8,0xc0,0xff,
  0xb4,0xff,0xd2,0x04,0x00,0x00,0x98,0xff,0xa8,0xc0,0xff,0x6e,0xd2,0xff,0x6f,0x00,0x00,0x98,0xff,0xa8,0xc0,0xff,0x78,0x4f,
  0xff,0xf0,0x17,0x00,0x98,0xff,0xa8,0xc0,0xff,0x7f,0x00,0xbe,0xff,0xa0,0x00,0x98,0xff,0xa8,0xc0,0xff,0x80,0x00,0x2b,0xfb,
  0xfe,0x37,0x95,0xff,0xa8,0xc0,0xff,0x80,0x00,0x00,0x8d,0xff,0xc1,0x8d,0xff,0xa8,0xc0,0xff,0x80,0x00,0x00,0x0d,0xe6,0xff,
  0xb8,0xff,0xa8,0xc0,0xff,0x80,0x00,0x00,0x00,0x5b,0xff,0xfe,0xff,0xa8,0xc0,0xff,0x80,0x00,0x00,0x00,0x00,0xc1,0xff,0xff,
  0xa8,0xc0,0xff,0x80,0x00,0x00,0x00,0x00,0x2d,0xfb,0xff,0xa8,0x00,0x00,0x00,0x00,0x99,0xff,0x66,0x00,0x00,0x00,0x00,0x00,
  0x00,0x00,0x00,0x00,0x00,0x11,0xe9,0xd3,0x00,0x00,0x00,0x00,0x00,0x00,0x00,0x00,0x00,0x00,0x00,0x51,0xb4,0x22,0x00,0x00,
  0x00,0x00,0x00,0x00,0x00,0x00,0x00,0x00,0x00,0x00,0x00,0x00,0x00,0x00,0x00,0x00,0x00,0x00,0x00,0x24,0x96,0xdd,0xf7,0xe0,
  0x9e,0x2a,0x00,0x00,0x00,0x00,0x00,0x48,0xf2,0xff,0xff,0xff,0xff,0xff,0xf6,0x53,0x00,0x00,0x00,0x1d,0xf0,0xff,0xce,0x4a,
  0x23,0x45,0xc5,0xff,0xf5,0x25,0x00,0x00,0x92,0xff,0xe2,0x0b,0x00,0x00,0x00,0x07,0xd7,0xff,0x9f,0x00,0x00,0xe6,0xff,0x69,
  0x00,0x00,0x00,0x00,0x00,0x5a,0xff,0xf1,0x03,0x0b,0xff,0xff,0x34,0x00,0x00,0x00,0x00,0x00,0x25,0xff,0xff,0x1a,0x1e,0xff,
  0xff,0x1c,0x00,0x00,0x00,0x00,0x00,0x0c,0xff,0xff,0x2d,0x0b,0xff,0xff,0x34,0x00,0x00,0x00,0x00,0x00,0x25,0xff,0xff,0x1a,
  0x00,0xe7,0xff,0x69,0x00,0x00,0x00,0x00,0x00,0x59,0xff,0xf1,0x03,0x00,0x94,0xff,0xe1,0x0a,0x00,0x00,0x00,0x06,0xd5,0xff,
  0xa0,0x00,0x00,0x1f,0xf1,0xff,0xcb,0x49,0x22,0x43,0xc3,0xff,0xf6,0x26,0x00,0x00,0x00,0x4a,0xf3,0xff,0xff,0xff,0xff,0xff,
  0xf7,0x55,0x00,0x00,0x00,0x00,0x00,0x26,0x99,0xde,0xf8,0xe2,0xa1,0x2d,0x00,0x00,0x00,0x00,0x00,0x00,0x00,0x00,0x00,0x57,
  0xff,0xa7,0x00,0x00,0x00,0x00,0x00,0x00,0x00,0x00,0x00,0x00,0xc5,0xef,0x18,0x00,0x00,0x00,0x00,0x00,0x00,0x00,0x00,0x00,
  0x17,0xb3,0x5a,0x00,0x00,0x00,0x00,0x00,0x00,0x00,0x00,0x00,0x00,0x00,0x00,0x00,0x00,0x00,0x00,0x00,0x00,0x00,0x00,0x00,
  0x24,0x96,0xdd,0xf7,0xe0,0x9e,0x2a,0x00,0x00,0x00,0x00,0x00,0x48,0xf2,0xff,0xff,0xff,0xff,0xff,0xf6,0x53,0x00,0x00,0x00,
  0x1d,0xf0,0xff,0xce,0x4a,0x23,0x45,0xc5,0xff,0xf5,0x25,0x00,0x00,0x92,0xff,0xe2,0x0b,0x00,0x00,0x00,0x07,0xd7,0xff,0x9f,
  0x00,0x00,0xe6,0xff,0x69,0x00,0x00,0x00,0x00,0x00,0x5a,0xff,0xf1,0x03,0x0b,0xff,0xff,0x34,0x00,0x00,0x00,0x00,0x00,0x25,
  0xff,0xff,0x1a,0x1e,0xff,0xff,0x1c,0x00,0x00,0x00,0x00,0x00,0x0c,0xff,0xff,0x2d,0x0b,0xff,0xff,0x34,0x00,0x00,0x00,0x00,
  0x00,0x25,0xff,0xff,0x1a,0x00,0xe7,0xff,0x69,0x00,0x00,0x00,0x00,0x00,0x59,0xff,0xf1,0x03,0x00,0x94,0xff,0xe1,0x0a,0x00,
  0x00,0x00,0x06,0xd5,0xff,0xa0,0x00,0x00,0x1f,0xf1,0xff,0xcb,0x49,0x22,0x43,0xc3,0xff,0xf6,0x26,0x00,0x00,0x00,0x4a,0xf3,
  0xff,0xff,0xff,0xff,0xff,0xf7,0x55,0x00,0x00,0x00,0x00,0x00,0x26,0x99,0xde,0xf8,0xe2,0xa1,0x2d,0x00,0x00,0x00,0x00,0x00,
  0x00,0x00,0x00,0x42,0x80,0x4b,0x00,0x00,0x00,0x00,0x00,0x00,0x00,0x00,0x00,0x26,0xf2,0xf5,0xf7,0x2f,0x00,0x00,0x00,0x00,
  0x00,0x00,0x00,0x0a,0xd3,0xee,0x2a,0xe4,0xd9,0x0d,0x00,0x00,0x00,0x00,0x00,0x00,0x38,0x80,0x43,0x00,0x39,0x80,0x3b,0x00,
  0x00,0x00,0x00,0x00,0x00,0x00,0x00,0x00,0x00,0x00,0x00,0x00,0x00,0x00,0x00,0x00,0x00,0x00,0x24,0x96,0xdd,0xf7,0xe0,0x9e,
  0x2a,0x00,0x00,0x00,0x00,0x00,0x48,0xf2,0xff,0xff,0xff,0xff,0xff,0xf6,0x53,0x00,0x00,0x00,0x1d,0xf0,0xff,0xce,0x4a,0x23,
  0x45,0xc5,0xff,0xf5,0x25,0x00,0x00,0x92,0xff,0xe2,0x0b,0x00,0x00,0x00,0x07,0xd7,0xff,0x9f,0x00,0x00,0xe6,0xff,0x69,0x00,
  0x00,0x00,0x00,0x00,0x5a,0xff,0xf1,0x03,0x0b,0xff,0xff,0x34,0x00,0x00,0x00,0x00,0x00,0x25,0xff,0xff,0x1a,0x1e,0xff,0xff,
  0x1c,0x00,0x00,0x00,0x00,0x00,0x0c,0xff,0xff,0x2d,0x0b,0xff,0xff,0x34,0x00,0x00,0x00,0x00,0x00,0x25,0xff,0xff,0x1a,0x00,
  0xe7,0xff,0x69,0x00,0x00,0x00,0x00,0x00,0x59,0xff,0xf1,0x03,0x00,0x94,0xff,0xe1,0x0a,0x00,0x00,0x00,0x06,0xd5,0xff,0xa0,
  0x00,0x00,0x1f,0xf1,0xff,0xcb,0x49,0x22,0x43,0xc3,0xff,0xf6,0x26,0x00,0x00,0x00,0x4a,0xf3,0xff,0xff,0xff,0xff,0xff,0xf7,
  0x55,0x00,0x00,0x00,0x00,0x00,0x26,0x99,0xde,0xf8,0xe2,0xa1,0x2d,0x00,0x00,0x00,0x00,0x00,0x00,0x00,0x00,0x05,0x00,0x00,
  0x13,0x05,0x00,0x00,0x00,0x00,0x00,0x00,0x00,0x9e,0xfb,0xa3,0x44,0xff,0x2f,0x00,0x00,0x00,0x00,0x00,0x00,0x17,0xfe,0x79,
  0xc9,0xff,0xd2,0x02,0x00,0x00,0x00,0x00,0x00,0x00,0x0d,0x48,0x06,0x03,0x34,0x0e,0x00,0x00,0x00,0x00,0x00,0x00,0x00,0x00,
  0x00,0x00,0x00,0x00,0x00,0x00,0x00,0x00,0x00,0x00,0x00,0x00,0x24,0x96,0xdd,0xf7,0xe0,0x9e,0x2a,0x00,0x00,0x00,0x00,0x00,
  0x48,0xf2,0xff,0xff,0xff,0xff,0xff,0xf6,0x53,0x00,0x00,0x00,0x1d,0xf0,0xff,0xce,0x4a,0x23,0x45,0xc5,0xff,0xf5,0x25,0x00,
  0x00,0x92,0xff,0xe2,0x0b,0x00,0x00,0x00,0x07,0xd7,0xff,0x9f,0x00,0x00,0xe6,0xff,0x69,0x00,0x00,0x00,0x00,0x00,0x5a,0xff,
  0xf1,0x03,0x0b,0xff,0xff,0x34,0x00,0x00,0x00,0x00,0x00,0x25,0xff,0xff,0x1a,0x1e,0xff,0xff,0x1c,0x00,0x00,0x00,0x00,0x00,
  0x0c,0xff,0xff,0x2d,0x0b,0xff,0xff,0x34,0x00,0x00,0x00,0x00,0x00,0x25,0xff,0xff,0x1a,0x00,0xe7,0xff,0x69,0x00,0x00,0x00,
  0x00,0x00,0x59,0xff,0xf1,0x03,0x00,0x94,0xff,0xe1,0x0a,0x00,0x00,0x00,0x06,0xd5,0xff,0xa0,0x00,0x00,0x1f,0xf1,0xff,0xcb,
  0x49,0x22,0x43,0xc3,0xff,0xf6,0x26,0x00,0x00,0x00,0x4a,0xf3,0xff,0xff,0xff,0xff,0xff,0xf7,0x55,0x00,0x00,0x00,0x00,0x00,
  0x26,0x99,0xde,0xf8,0xe2,0xa1,0x2d,0x00,0x00,0x00,0x00,0x00,0x00,0x2e,0xeb,0x92,0x00,0x7f,0xee,0x3b,0x00,0x00,0x00,0x00,
  0x00,0x00,0x56,0xff,0xcd,0x00,0xb9,0xff,0x69,0x00,0x00,0x00,0x00,0x00,0x00,0x02,0x54,0x21,0x00,0x1a,0x57,0x05,0x00,0x00,
  0x00,0x00,0x00,0x00,0x00,0x00,0x00,0x00,0x00,0x00,0x00,0x00,0x00,0x00,0x00,0x00,0x00,0x24,0x96,0xdd,0xf7,0xe0,0x9e,0x2a,
  0x00,0x00,0x00,0x00,0x00,0x48,0xf2,0xff,0xff,0xff,0xff,0xff,0xf6,0x53,0x00,0x00,0x00,0x1d,0xf0,0xff,0xce,0x4a,0x23,0x45,
  0xc5,0xff,0xf5,0x25,0x00,0x00,0x92,0xff,0xe2,0x0b,0x00,0x00,0x00,0x07,0xd7,0xff,0x9f,0x00,0x00,0xe6,0xff,0x69,0x00,0x00,
  0x00,0x00,0x00,0x5a,0xff,0xf1,0x03,0x0b,0xff,0xff,0x34,0x00,0x00,0x00,0x00,0x00,0x25,0xff,0xff,0x1a,0x1e,0xff,0xff,0x1c,
  0x00,0x00,0x00,0x00,0x00,0x0c,0xff,0xff,0x2d,0x0b,0xff,0xff,0x34,0x00,0x00,0x00,0x00,0x00,0x25,0xff,0xff,0x1a,0x00,0xe7,
  0xff,0x69,0x00,0x00,0x00,0x00,0x00,0x59,0xff,0xf1,0x03,0x00,0x94,0xff,0xe1,0x0a,0x00,0x00,0x00,0x06,0xd5,0xff,0xa0,0x00,
  0x00,0x1f,0xf1,0xff,0xcb,0x49,0x22,0x43,0xc3,0xff,0xf6,0x26,0x00,0x00,0x00,0x4a,0xf3,0xff,0xff,0xff,0xff,0xff,0xf7,0x55,
  0x00,0x00,0x00,0x00,0x00,0x26,0x99,0xde,0xf8,0xe2,0xa1,0x2d,0x00,0x00,0x00,0x00,0x51,0x28,0x00,0x00,0x00,0x00,0x70,0x08,
  0x35,0xf9,0xe3,0x1f,0x00,0x00,0x8b,0xff,0xa6,0x07,0xbc,0xff,0xda,0x17,0x7a,0xff,0xf8,0x43,0x00,0x0b,0xc6,0xff,0xe3,0xff,
  0xfb,0x4f,0x00,0x00,0x00,0x10,0xdb,0xff,0xff,0x66,0x00,0x00,0x00,0x00,0x4d,0xfb,0xff,0xff,0xbc,0x07,0x00,0x00,0x41,0xf7,
  0xff,0x8b,0xe2,0xff,0xae,0x03,0x2e,0xf3,0xff,0x88,0x00,0x27,0xe9,0xff,0x9a,0x0d,0xca,0x97,0x00,0x00,0x00,0x30,0xec,0x52,
  0x00,0x0e,0x02,0x00,0x00,0x00,0x00,0x10,0x00,0x00,0x00,0x00,0x00,0x00,0x00,0x00,0x00,0x00,0x00,0x1c,0x00,0x00,0x00,0x00,
  0x00,0x24,0x96,0xdd,0xf7,0xe0,0x9e,0x69,0xf9,0x42,0x00,0x00,0x00,0x48,0xf2,0xff,0xff,0xff,0xff,0xff,0xff,0xff,0x06,0x00,
  0x00,0x1d,0xf0,0xff,0xce,0x4a,0x23,0x45,0xff,0xff,0xff,0x25,0x00,0x00,0x92,0xff,0xe2,0x0b,0x00,0x00,0x4b,0xff,0xff,0xff,
  0x9f,0x00,0x00,0xe6,0xff,0x69,0x00,0x00,0x13,0xe7,0xc9,0x5e,0xff,0xf1,0x03,0x0b,0xff,0xff,0x34,0x00,0x00,0xaa,0xf6,0x27,
  0x25,0xff,0xff,0x1a,0x1e,0xff,0xff,0x1c,0x00,0x5a,0xff,0x6e,0x00,0x0c,0xff,0xff,0x2d,0x0b,0xff,0xff,0x34,0x1a,0xee,0xbd,
  0x01,0x00,0x25,0xff,0xff,0x1a,0x00,0xe7,0xff,0x6a,0xb7,0xf1,0x1e,0x00,0x00,0x59,0xff,0xf1,0x03,0x00,0x94,0xff,0xff,0xff,
  0x60,0x00,0x00,0x06,0xd5,0xff,0xa0,0x00,0x00,0x1f,0xff,0xff,0xff,0x49,0x22,0x43,0xc3,0xff,0xf6,0x26,0x00,0x00,0x02,0xff,
  0xff,0xff,0xff,0xff,0xff,0xff,0xf7,0x55,0x00,0x00,0x00,0x33,0xf8,0x7a,0x99,0xde,0xf8,0xe2,0xa1,0x2d,0x00,0x00,0x00,0x00,
  0x00,0x1e,0x00,0x00,0x00,0x00,0x00,0x00,0x00,0x00,0x00,0x00,0x00,0x00,0x07,0xd9,0xfe,0x24,0x00,0x00,0x00,0x00,0x00,0x00,
  0x00,0x00,0x41,0xff,0x90,0x00,0x00,0x00,0x00,0x00,0x00,0x00,0x00,0x00,0x81,0xa5,0x01,0x00,0x00,0x00,0x00,0x00,0x00,0x00,
  0x00,0x00,0x00,0x00,0x00,0x00,0x00,0x00,0xc0,0xff,0x78,0x00,0x00,0x00,0x00,0x00,0xf0,0xff,0x44,0xc0,0xff,0x78,0x00,0x00,
  0x00,0x00,0x00,0xf0,0xff,0x44,0xc0,0xff,0x78,0x00,0x00,0x00,0x00,0x00,0xf0,0xff,0x44,0xc0,0xff,0x78,0x00,0x00,0x00,0x00,
  0x00,0xf0,0xff,0x44,0xc0,0xff,0x78,0x00,0x00,0x00,0x00,0x00,0xf0,0xff,0x44,0xc0,0xff,0x78,0x00,0x00,0x00,0x00,0x00,0xf0,
  0xff,0x44,0xc0,0xff,0x78,0x00,0x00,0x00,0x00,0x00,0xf0,0xff,0x44,0xc0,0xff,0x78,0x00,0x00,0x00,0x00,0x00,0xf0,0xff,0x44,
  0xba,0xff,0x87,0x00,0x00,0x00,0x00,0x05,0xfa,0xff,0x3d,0x99,0xff,0xd2,0x04,0x00,0x00,0x00,0x51,0xff,0xff,0x1c,0x3f,0xff,
  0xff,0xb5,0x3d,0x29,0x67,0xef,0xff,0xbf,0x00,0x00,0x8a,0xff,0xff,0xff,0xff,0xff,0xff,0xe7,0x22,0x00,0x00,0x00,0x51,0xbb,
  0xed,0xf8,0xdc,0x8f,0x15,0x00,0x00,0x00,0x00,0x00,0x00,0x00,0x9f,0xff,0x5f,0x00,0x00,0x00,0x00,0x00,0x00,0x00,0x14,0xf7,
  0xbf,0x00,0x00,0x00,0x00,0x00,0x00,0x00,0x00,0x4a,0xb4,0x27,0x00,0x00,0x00,0x00,0x00,0x00,0x00,0x00,0x00,0x00,0x00,0x00,
  0x00,0x00,0x00,0xc0,0xff,0x78,0x00,0x00,0x00,0x00,0x00,0xf0,0xff,0x44,0xc0,0xff,0x78,0x00,0x00,0x00,0x00,0x00,0xf0,0xff,
  0x44,0xc0,0xff,0x78,0x00,0x00,0x00,0x00,0x00,0xf0,0xff,0x44,0xc0,0xff,0x78,0x00,0x00,0x00,0x00,0x00,0xf0,0xff,0x44,0xc0,
  0xff,0x78,0x00,0x00,0x00,0x00,0x00,0xf0,0xff,0x44,0xc0,0xff,0x78,0x00,0x00,0x00,0x00,0x00,0xf0,0xff,0x44,0xc0,0xff,0x78,
  0x00,0x00,0x00,0x00,0x00,0xf0,0xff,0x44,0xc0,0xff,0x78,0x00,0x00,0x00,0x00,0x00,0xf0,0xff,0x44,0xba,0xff,0x87,0x00,0x00,
  0x00,0x00,0x05,0xfa,0xff,0x3d,0x99,0xff,0xd2,0x04,0x00,0x00,0x00,0x51,0xff,0xff,0x1c,0x3f,0xff,0xff,0xb5,0x3d,0x29,0x67,
  0xef,0xff,0xbf,0x00,0x00,0x8a,0xff,0xff,0xff,0xff,0xff,0xff,0xe7,0x22,0x00,0x00,0x00,0x51,0xbb,0xed,0xf8,0xdc,0x8f,0x15,
  0x00,0x00,0x00,0x00,0x00,0x00,0x66,0x80,0x27,0x00,0x00,0x00,0x00,0x00,0x00,0x00,0x61,0xff,0xf5,0xd4,0x0a,0x00,0x00,0x00,
  0x00,0x00,0x2f,0xf6,0xbf,0x3f,0xfe,0x9f,0x00,0x00,0x00,0x00,0x00,0x5c,0x80,0x1f,0x00,0x5d,0x80,0x18,0x00,0x00,0x00,0x00,
  0x00,0x00,0x00,0x00,0x00,0x00,0x00,0x00,0x00,0xc0,0xff,0x78,0x00,0x00,0x00,0x00,0x00,0xf0,0xff,0x44,0xc0,0xff,0x78,0x00,
  0x00,0x00,0x00,0x00,0xf0,0xff,0x44,0xc0,0xff,0x78,0x00,0x00,0x00,0x00,0x00,0xf0,0xff,0x44,0xc0,0xff,0x78,0x00,0x00,0x00,
  0x00,0x00,0xf0,0xff,0x44,0xc0,0xff,0x78,0x00,0x00,0x00,0x00,0x00,0xf0,0xff,0x44,0xc0,0xff,0x78,0x00,0x00,0x00,0x00,0x00,
  0xf0,0xff,0x44,0xc0,0xff,0x78,0x00,0x00,0x00,0x00,0x00,0xf0,0xff,0x44,0xc0,0xff,0x78,0x00,0x00,0x00,0x00,0x00,0xf0,0xff,
  0x44,0xba,0xff,0x87,0x00,0x00,0x00,0x00,0x05,0xfa,0xff,0x3d,0x99,0xff,0xd2,0x04,0x00,0x00,0x00,0x51,0xff,0xff,0x1c,0x3f,
  0xff,0xff,0xb5,0x3d,0x29,0x67,0xef,0xff,0xbf,0x00,0x00,0x8a,0xff,0xff,0xff,0xff,0xff,0xff,0xe7,0x22,0x00,0x00,0x00,0x51,
  0xbb,0xed,0xf8,0xdc,0x8f,0x15,0x00,0x00,0x00,0x00,0x11,0x5a,0x09,0x00,0x33,0x40,0x00,0x00,0x00,0x00,0x00,0x9d,0xff,0x84,
  0x09,0xf6,0xfe,0x22,0x00,0x00,0x00,0x00,0x69,0xf2,0x52,0x02,0xc4,0xd8,0x0d,0x00,0x00,0x00,0x00,0x00,0x00,0x00,0x00,0x00,
  0x00,0x00,0x00,0x00,0x00,0x00,0x00,0x00,0x00,0x00,0x00,0x00,0x00,0x00,0x00,0xc0,0xff,0x78,0x00,0x00,0x00,0x00,0x00,0xf0,
  0xff,0x44,0xc0,0xff,0x78,0x00,0x00,0x00,0x00,0x00,0xf0,0xff,0x44,0xc0,0xff,0x78,0x00,0x00,0x00,0x00,0x00,0xf0,0xff,0x44,
  0xc0,0xff,0x78,0x00,0x00,0x00,0x00,0x00,0xf0,0xff,0x44,0xc0,0xff,0x78,0x00,0x00,0x00,0x00,0x00,0xf0,0xff,0x44,0xc0,0xff,
  0x78,0x00,0x00,0x00,0x00,0x00,0xf0,0xff,0x44,0xc0,0xff,0x78,0x00,0x00,0x00,0x00,0x00,0xf0,0xff,0x44,0xc0,0xff,0x78,0x00,
  0x00,0x00,0x00,0x00,0xf0,0xff,0x44,0xba,0xff,0x87,0x00,0x00,0x00,0x00,0x05,0xfa,0xff,0x3d,0x99,0xff,0xd2,0x04,0x00,0x00,
  0x00,0x51,0xff,0xff,0x1c,0x3f,0xff,0xff,0xb5,0x3d,0x29,0x67,0xef,0xff,0xbf,0x00,0x00,0x8a,0xff,0xff,0xff,0xff,0xff,0xff,
  0xe7,0x22,0x00,0x00,0x00,0x51,0xbb,0xed,0xf8,0xdc,0x8f,0x15,0x00,0x00,0x00,0x00,0x00,0x00,0x00,0x00,0xce,0xfc,0x30,0x00,
  0x00,0x00,0x00,0x00,0x00,0x00,0x00,0x3d,0xff,0x8e,0x00,0x00,0x00,0x00,0x00,0x00,0x00,0x00,0x00,0x6c,0xac,0x0c,0x00,0x00,
  0x00,0x00,0x00,0x00,0x00,0x00,0x00,0x00,0x00,0x00,0x00,0x00,0x00,0x00,0x4b,0xff,0xff,0x45,0x00,0x00,0x00,0x00,0x24,0xfb,
  0xff,0x6e,0x00,0xb8,0xff,0xcd,0x01,0x00,0x00,0x00,0xa7,0xff,0xd8,0x05,0x00,0x2a,0xfb,0xff,0x59,0x00,0x00,0x2f,0xfe,0xff,
  0x4c,0x00,0x00,0x00,0x93,0xff,0xdd,0x05,0x00,0xb6,0xff,0xbb,0x00,0x00,0x00,0x00,0x12,0xee,0xff,0x6a,0x3a,0xff,0xfd,0x2e,
  0x00,0x00,0x00,0x00,0x00,0x6e,0xff,0xdf,0xb2,0xff,0x99,0x00,0x00,0x00,0x00,0x00,0x00,0x04,0xd6,0xff,0xff,0xf2,0x16,0x00,
  0x00,0x00,0x00,0x00,0x00,0x00,0x48,0xff,0xff,0x77,0x00,0x00,0x00,0x00,0x00,0x00,0x00,0x00,0x04,0xff,0xff,0x34,0x00,0x00,
  0x00,0x00,0x00,0x00,0x00,0x00,0x04,0xff,0xff,0x34,0x00,0x00,0x00,0x00,0x00,0x00,0x00,0x00,0x04,0xff,0xff,0x34,0x00,0x00,
  0x00,0x00,0x00,0x00,0x00,0x00,0x04,0xff,0xff,0x34,0x00,0x00,0x00,0x00,0x00,0x00,0x00,0x00,0x04,0xff,0xff,0x34,0x00,0x00,
  0x00,0x00,0xd0,0xff,0x6c,0x00,0x00,0x00,0x00,0x00,0x00,0xd0,0xff,0x6c,0x00,0x00,0x00,0x00,0x00,0x00,0xd0,0xff,0xef,0xe4,
  0xdf,0xc6,0x7a,0x0b,0x00,0xd0,0xff,0xff,0xff,0xff,0xff,0xff,0xd4,0x0e,0xd0,0xff,0x6c,0x00,0x06,0x3b,0xdf,0xff,0x87,0xd0,
  0xff,0x6c,0x00,0x00,0x00,0x5f,0xff,0xca,0xd0,0xff,0x6c,0x00,0x00,0x00,0x53,0xff,0xcd,0xd0,0xff,0x6c,0x00,0x00,0x1a,0xcc,
  0xff,0x93,0xd0,0xff,0xed,0xe0,0xe5,0xfe,0xff,0xe6,0x1a,0xd0,0xff,0xff,0xff,0xfb,0xe3,0x9a,0x19,0x00,0xd0,0xff,0x6c,0x00,
  0x00,0x00,0x00,0x00,0x00,0xd0,0xff,0x6c,0x00,0x00,0x00,0x00,0x00,0x00,0xd0,0xff,0x6c,0x00,0x00,0x00,0x00,0x00,0x00,0x00,
  0x2a,0xac,0xec,0xf8,0xd9,0x85,0x0d,0x00,0x00,0x27,0xf2,0xff,0xff,0xfe,0xff,0xff,0xc9,0x03,0x00,0x95,0xff,0xe0,0x2d,0x04,
  0x5a,0xfe,0xff,0x43,0x00,0xbb,0xff,0x77,0x00,0x00,0x00,0xdd,0xff,0x52,0x00,0xc0,0xff,0x68,0x00,0x00,0x3e,0xfc,0xee,0x12,
  0x00,0xc0,0xff,0x68,0x20,0xe8,0xff,0xd9,0x2f,0x00,0x00,0xc0,0xff,0x68,0x24,0xff,0xff,0xff,0xd2,0x23,0x00,0xc0,0xff,0x68,
  0x00,0x00,0x1f,0xb5,0xff,0xc5,0x00,0xc0,0xff,0x68,0x00,0x00,0x00,0x1d,0xff,0xff,0x15,0xc0,0xff,0x68,0x00,0x00,0x00,0x13,
  0xff,0xff,0x26,0xc0,0xff,0x68,0x00,0x00,0x08,0x99,0xff,0xf2,0x08,0xc0,0xff,0x68,0x2d,0xf0,0xfb,0xff,0xff,0x7c,0x00,0xc0,
  0xff,0x68,0x30,0xff,0xfa,0xd5,0x69,0x00,0x00,0x00,0x00,0x55,0xff,0xaa,0x00,0x00,0x00,0x00,0x00,0x00,0x00,0xb6,0xfb,0x1c,
  0x00,0x00,0x00,0x00,0x00,0x00,0x22,0xb3,0x52,0x00,0x00,0x00,0x00,0x00,0x00,0x00,0x00,0x00,0x00,0x00,0x00,0x00,0x00,0x66,
  0xcd,0xf4,0xe9,0xab,0x2e,0x00,0x00,0x86,0xff,0xfd,0xd0,0xe4,0xff,0xf4,0x21,0x03,0xa6,0xdf,0x3c,0x00,0x04,0xc5,0xff,0x7e,
  0x00,0x00,0x00,0x00,0x00,0x07,0xb0,0xff,0x9a,0x00,0x0e,0x73,0xaf,0xde,0xfc,0xff,0xff,0x9c,0x07,0xd5,0xff,0xf2,0xad,0x7d,
  0xaa,0xff,0x9c,0x4b,0xff,0xde,0x0c,0x00,0x00,0x94,0xff,0x9c,0x53,0xff,0xd9,0x05,0x00,0x1c,0xe6,0xff,0x9c,0x14,0xf2,0xff,
  0xdf,0xbf,0xf3,0xd9,0xff,0x9c,0x00,0x3b,0xc8,0xf8,0xe6,0x7b,0x75,0xff,0x9c,0x00,0x00,0x00,0x00,0x18,0xfa,0xe0,0x0b,0x00,
  0x00,0x00,0x00,0x00,0x81,0xff,0x4c,0x00,0x00,0x00,0x00,0x00,0x00,0x9b,0x89,0x00,0x00,0x00,0x00,0x00,0x00,0x00,0x00,0x00,
  0x00,0x00,0x00,0x00,0x00,0x66,0xcd,0xf4,0xe9,0xab,0x2e,0x00,0x00,0x86,0xff,0xfd,0xd0,0xe4,0xff,0xf4,0x21,0x03,0xa6,0xdf,
  0x3c,0x00,0x04,0xc5,0xff,0x7e,0x00,0x00,0x00,0x00,0x00,0x07,0xb0,0xff,0x9a,0x00,0x0e,0x73,0xaf,0xde,0xfc,0xff,0xff,0x9c,
  0x07,0xd5,0xff,0xf2,0xad,0x7d,0xaa,0xff,0x9c,0x4b,0xff,0xde,0x0c,0x00,0x00,0x94,0xff,0x9c,0x53,0xff,0xd9,0x05,0x00,0x1c,
  0xe6,0xff,0x9c,0x14,0xf2,0xff,0xdf,0xbf,0xf3,0xd9,0xff,0x9c,0x00,0x3b,0xc8,0xf8,0xe6,0x7b,0x75,0xff,0x9c,0x00,0x00,0x00,
  0x87,0xff,0xf0,0x2e,0x00,0x00,0x00,0x00,0x74,0xff,0x78,0xca,0xe5,0x1f,0x00,0x00,0x13,0x7f,0x6a,0x00,0x1c,0x80,0x59,0x00,
  0x00,0x00,0x00,0x00,0x00,0x00,0x00,0x00,0x00,0x00,0x00,0x66,0xcd,0xf4,0xe9,0xab,0x2e,0x00,0x00,0x86,0xff,0xfd,0xd0,0xe4,
  0xff,0xf4,0x21,0x03,0xa6,0xdf,0x3c,0x00,0x04,0xc5,0xff,0x7e,0x00,0x00,0x00,0x00,0x00,0x07,0xb0,0xff,0x9a,0x00,0x0e,0x73,
  0xaf,0xde,0xfc,0xff,0xff,0x9c,0x07,0xd5,0xff,0xf2,0xad,0x7d,0xaa,0xff,0x9c,0x4b,0xff,0xde,0x0c,0x00,0x00,0x94,0xff,0x9c,
  0x53,0xff,0xd9,0x05,0x00,0x1c,0xe6,0xff,0x9c,0x14,0xf2,0xff,0xdf,0xbf,0xf3,0xd9,0xff,0x9c,0x00,0x3b,0xc8,0xf8,0xe6,0x7b,
  0x75,0xff,0x9c,0x00,0x00,0x16,0x72,0x5a,0x13,0x6a,0x3f,0x00,0x00,0x00,0xb9,0xf5,0xf9,0xff,0xff,0x46,0x00,0x00,0x00,0x55,
  0x28,0x10,0x4f,0x38,0x00,0x00,0x00,0x00,0x00,0x00,0x00,0x00,0x00,0x00,0x00,0x00,0x00,0x66,0xcd,0xf4,0xe9,0xab,0x2e,0x00,
  0x00,0x86,0xff,0xfd,0xd0,0xe4,0xff,0xf4,0x21,0x03,0xa6,0xdf,0x3c,0x00,0x04,0xc5,0xff,0x7e,0x00,0x00,0x00,0x00,0x00,0x07,
  0xb0,0xff,0x9a,0x00,0x0e,0x73,0xaf,0xde,0xfc,0xff,0xff,0x9c,0x07,0xd5,0xff,0xf2,0xad,0x7d,0xaa,0xff,0x9c,0x4b,0xff,0xde,
  0x0c,0x00,0x00,0x94,0xff,0x9c,0x53,0xff,0xd9,0x05,0x00,0x1c,0xe6,0xff,0x9c,0x14,0xf2,0xff,0xdf,0xbf,0xf3,0xd9,0xff,0x9c,
  0x00,0x3b,0xc8,0xf8,0xe6,0x7b,0x75,0xff,0x9c,0x00,0x00,0x50,0x4f,0x00,0x0c,0x70,0x21,0x00,0x00,0x18,0xfe,0xfe,0x17,0x7a,
  0xff,0xb1,0x00,0x00,0x05,0xbb,0xb9,0x04,0x39,0xdc,0x65,0x00,0x00,0x00,0x00,0x00,0x00,0x00,0x00,0x00,0x00,0x00,0x00,0x66,
  0xcd,0xf4,0xe9,0xab,0x2e,0x00,0x00,0x86,0xff,0xfd,0xd0,0xe4,0xff,0xf4,0x21,0x03,0xa6,0xdf,0x3c,0x00,0x04,0xc5,0xff,0x7e,
  0x00,0x00,0x00,0x00,0x00,0x07,0xb0,0xff,0x9a,0x00,0x0e,0x73,0xaf,0xde,0xfc,0xff,0xff,0x9c,0x07,0xd5,0xff,0xf2,0xad,0x7d,
  0xaa,0xff,0x9c,0x4b,0xff,0xde,0x0c,0x00,0x00,0x94,0xff,0x9c,0x53,0xff,0xd9,0x05,0x00,0x1c,0xe6,0xff,0x9c,0x14,0xf2,0xff,
  0xdf,0xbf,0xf3,0xd9,0xff,0x9c,0x00,0x3b,0xc8,0xf8,0xe6,0x7b,0x75,0xff,0x9c,0x00,0x00,0x00,0x83,0xef,0xd9,0x37,0x00,0x00,
  0x00,0x00,0x4f,0xf2,0x46,0x89,0xeb,0x02,0x00,0x00,0x00,0x5d,0xe9,0x16,0x62,0xf6,0x04,0x00,0x00,0x00,0x09,0xb7,0xff,0xfa,
  0x60,0x00,0x00,0x00,0x00,0x00,0x00,0x20,0x10,0x00,0x00,0x00,0x00,0x00,0x66,0xcd,0xf4,0xe9,0xab,0x2e,0x00,0x00,0x86,0xff,
  0xfd,0xd0,0xe4,0xff,0xf4,0x21,0x03,0xa6,0xdf,0x3c,0x00,0x04,0xc5,0xff,0x7e,0x00,0x00,0x00,0x00,0x00,0x07,0xb0,0xff,0x9a,
  0x00,0x0e,0x73,0xaf,0xde,0xfc,0xff,0xff,0x9c,0x07,0xd5,0xff,0xf2,0xad,0x7d,0xaa,0xff,0x9c,0x4b,0xff,0xde,0x0c,0x00,0x00,
  0x94,0xff,0x9c,0x53,0xff,0xd9,0x05,0x00,0x1c,0xe6,0xff,0x9c,0x14,0xf2,0xff,0xdf,0xbf,0xf3,0xd9,0xff,0x9c,0x00,0x3b,0xc8,
  0xf8,0xe6,0x7b,0x75,0xff,0x9c,0x00,0x00,0x66,0xcd,0xf4,0xee,0xa2,0x14,0x6b,0xd7,0xf8,0xe0,0x87,0x09,0x00,0x00,0x87,0xff,
  0xfd,0xd0,0xe3,0xff,0xec,0xff,0xf7,0xd0,0xf1,0xff,0xc3,0x03,0x03,0xa1,0xd8,0x3b,0x00,0x03,0xc2,0xff,0xe6,0x21,0x00,0x12,
  0xd3,0xff,0x5c,0x00,0x00,0x00,0x00,0x00,0x00,0x8d,0xff,0x78,0x00,0x00,0x00,0x64,0xff,0xaa,0x00,0x17,0x94,0xde,0xfb,0xff,
  0xff,0xff,0xff,0xff,0xff,0xff,0xff,0xff,0xc6,0x09,0xdb,0xff,0xda,0x99,0x90,0xcd,0xff,0xba,0x90,0x90,0x90,0x90,0x90,0x75,
  0x4b,0xff,0xdb,0x07,0x00,0x00,0x9a,0xff,0x85,0x00,0x00,0x00,0x03,0x00,0x00,0x4b,0xff,0xdf,0x0b,0x00,0x2d,0xef,0xff,0xee,
  0x2d,0x00,0x05,0xae,0xf5,0x75,0x12,0xea,0xff,0xef,0xd7,0xfb,0xf3,0xab,0xff,0xfc,0xd8,0xec,0xff,0xe8,0x1e,0x00,0x33,0xbd,
  0xf2,0xed,0xae,0x2c,0x02,0x6e,0xd5,0xf8,0xe5,0xa5,0x24,0x00,0x00,0x00,0x29,0xab,0xea,0xf2,0xc7,0x53,0x00,0x00,0x00,0x2c,
  0xf1,0xff,0xfa,0xea,0xff,0xff,0x68,0x00,0x00,0xbd,0xff,0xc0,0x0d,0x00,0x6c,0xff,0xed,0x07,0x15,0xfe,0xff,0x32,0x00,0x00,
  0x00,0x64,0x36,0x03,0x38,0xff,0xfb,0x02,0x00,0x00,0x00,0x00,0x00,0x00,0x38,0xff,0xfc,0x06,0x00,0x00,0x00,0x00,0x00,0x00,
  0x16,0xfe,0xff,0x31,0x00,0x00,0x00,0x71,0x46,0x06,0x00,0xbd,0xff,0xb9,0x0c,0x00,0x6d,0xff,0xee,0x07,0x00,0x2b,0xf0,0xff,
  0xf5,0xea,0xff,0xff,0x68,0x00,0x00,0x00,0x29,0xab,0xff,0xff,0xc8,0x52,0x00,0x00,0x00,0x00,0x00,0x00,0x68,0xbb,0x1e,0x00,
  0x00,0x00,0x00,0x00,0x00,0x00,0x55,0xc6,0xf4,0x12,0x00,0x00,0x00,0x00,0x00,0x00,0x00,0x31,0xff,0x2c,0x00,0x00,0x00,0x00,
  0x00,0x00,0xd8,0xf8,0xb1,0x04,0x00,0x00,0x00,0x00,0x1f,0xf5,0xe7,0x06,0x00,0x00,0x00,0x00,0x00,0x00,0x00,0x75,0xff,0x5c,
  0x00,0x00,0x00,0x00,0x00,0x00,0x00,0x04,0xa2,0x82,0x00,0x00,0x00,0x00,0x00,0x00,0x00,0x00,0x00,0x00,0x00,0x00,0x00,0x00,
  0x00,0x00,0x28,0xab,0xeb,0xf3,0xbf,0x43,0x00,0x00,0x00,0x2c,0xf0,0xff,0xe9,0xde,0xff,0xfe,0x51,0x00,0x00,0xbf,0xff,0x92,
  0x02,0x00,0x66,0xff,0xe3,0x02,0x16,0xfe,0xf9,0x0a,0x00,0x00,0x00,0xde,0xff,0x32,0x38,0xff,0xff,0xff,0xff,0xff,0xff,0xff,
  0xff,0x4e,0x38,0xff,0xf7,0x90,0x90,0x90,0x90,0x90,0x90,0x31,0x17,0xfe,0xff,0x13,0x00,0x00,0x00,0x01,0x00,0x00,0x00,0xc2,
  0xff,0xa1,0x06,0x00,0x31,0xee,0xc3,0x0c,0x00,0x2f,0xf2,0xff,0xef,0xd5,0xfd,0xff,0x94,0x00,0x00,0x00,0x2a,0xaa,0xea,0xf6,
  0xd2,0x6d,0x01,0x00,0x00,0x00,0x00,0x00,0x00,0xd2,0xfc,0x30,0x00,0x00,0x00,0x00,0x00,0x00,0x41,0xff,0x8e,0x00,0x00,0x00,
  0x00,0x00,0x00,0x00,0x6f,0xac,0x0c,0x00,0x00,0x00,0x00,0x00,0x00,0x00,0x00,0x00,0x00,0x00,0x00,0x00,0x00,0x00,0x28,0xab,
  0xeb,0xf3,0xbf,0x43,0x00,0x00,0x00,0x2c,0xf0,0xff,0xe9,0xde,0xff,0xfe,0x51,0x00,0x00,0xbf,0xff,0x92,0x02,0x00,0x66,0xff,
  0xe3,0x02,0x16,0xfe,0xf9,0x0a,0x00,0x00,0x00,0xde,0xff,0x32,0x38,0xff,0xff,0xff,0xff,0xff,0xff,0xff,0xff,0x4e,0x38,0xff,
  0xf7,0x90,0x90,0x90,0x90,0x90,0x90,0x31,0x17,0xfe,0xff,0x13,0x00,0x00,0x00,0x01,0x00,0x00,0x00,0xc2,0xff,0xa1,0x06,0x00,
  0x31,0xee,0xc3,0x0c,0x00,0x2f,0xf2,0xff,0xef,0xd5,0xfd,0xff,0x94,0x00,0x00,0x00,0x2a,0xaa,0xea,0xf6,0xd2,0x6d,0x01,0x00,
  0x00,0x00,0x00,0x4b,0xfb,0xff,0x63,0x00,0x00,0x00,0x00,0x00,0x3d,0xf6,0xaf,0x92,0xfc,0x4c,0x00,0x00,0x00,0x01,0x71,0x7d,
  0x0c,0x04,0x76,0x76,0x04,0x00,0x00,0x00,0x00,0x00,0x00,0x00,0x00,0x00,0x00,0x00,0x00,0x00,0x28,0xab,0xeb,0xf3,0xbf,0x43,
  0x00,0x00,0x00,0x2c,0xf0,0xff,0xe9,0xde,0xff,0xfe,0x51,0x00,0x00,0xbf,0xff,0x92,0x02,0x00,0x66,0xff,0xe3,0x02,0x16,0xfe,
  0xf9,0x0a,0x00,0x00,0x00,0xde,0xff,0x32,0x38,0xff,0xff,0xff,0xff,0xff,0xff,0xff,0xff,0x4e,0x38,0xff,0xf7,0x90,0x90,0x90,
  0x90,0x90,0x90,0x31,0x17,0xfe,0xff,0x13,0x00,0x00,0x00,0x01,0x00,0x00,0x00,0xc2,0xff,0xa1,0x06,0x00,0x31,0xee,0xc3,0x0c,
  0x00,0x2f,0xf2,0xff,0xef,0xd5,0xfd,0xff,0x94,0x00,0x00,0x00,0x2a,0xaa,0xea,0xf6,0xd2,0x6d,0x01,0x00,0x00,0x00,0x32,0x69,
  0x04,0x00,0x5f,0x3f,0x00,0x00,0x00,0x00,0xd7,0xff,0x55,0x37,0xff,0xf4,0x01,0x00,0x00,0x00,0x86,0xd5,0x22,0x11,0xcb,0xa0,
  0x00,0x00,0x00,0x00,0x00,0x00,0x00,0x00,0x00,0x00,0x00,0x00,0x00,0x00,0x28,0xab,0xeb,0xf3,0xbf,0x43,0x00,0x00,0x00,0x2c,
  0xf0,0xff,0xe9,0xde,0xff,0xfe,0x51,0x00,0x00,0xbf,0xff,0x92,0x02,0x00,0x66,0xff,0xe3,0x02,0x16,0xfe,0xf9,0x0a,0x00,0x00,
  0x00,0xde,0xff,0x32,0x38,0xff,0xff,0xff,0xff,0xff,0xff,0xff,0xff,0x4e,0x38,0xff,0xf7,0x90,0x90,0x90,0x90,0x90,0x90,0x31,
  0x17,0xfe,0xff,0x13,0x00,0x00,0x00,0x01,0x00,0x00,0x00,0xc2,0xff,0xa1,0x06,0x00,0x31,0xee,0xc3,0x0c,0x00,0x2f,0xf2,0xff,
  0xef,0xd5,0xfd,0xff,0x94,0x00,0x00,0x00,0x2a,0xaa,0xea,0xf6,0xd2,0x6d,0x01,0x00,0x09,0xaa,0xb0,0x0a,0x00,0x00,0x78,0xff,
  0x65,0x00,0x00,0x05,0xd3,0xd1,0x00,0x00,0x00,0x00,0x00,0x00,0x00,0x00,0xdc,0xff,0x4c,0x00,0x00,0xdc,0xff,0x4c,0x00,0x00,
  0xdc,0xff,0x4c,0x00,0x00,0xdc,0xff,0x4c,0x00,0x00,0xdc,0xff,0x4c,0x00,0x00,0xdc,0xff,0x4c,0x00,0x00,0xdc,0xff,0x4c,0x00,
  0x00,0xdc,0xff,0x4c,0x00,0x00,0xdc,0xff,0x4c,0x00,0x00,0xdc,0xff,0x4c,0x00,0x69,0xb4,0x4e,0x08,0xeb,0xdf,0x0a,0x61,0xff,
  0x4b,0x00,0x00,0x00,0x00,0x00,0xdc,0xff,0x4c,0x00,0xdc,0xff,0x4c,0x00,0xdc,0xff,0x4c,0x00,0xdc,0xff,0x4c,0x00,0xdc,0xff,
  0x4c,0x00,0xdc,0xff,0x4c,0x00,0xdc,0xff,0x4c,0x00,0xdc,0xff,0x4c,0x00,0xdc,0xff,0x4c,0x00,0xdc,0xff,0x4c,0x00,0x00,0x2c,
  0xee,0xff,0x8a,0x00,0x00,0x22,0xe6,0xce,0x73,0xff,0x71,0x00,0x5c,0x80,0x1e,0x00,0x66,0x7e,0x10,0x00,0x00,0x00,0x00,0x00,
  0x00,0x00,0x00,0x00,0xdc,0xff,0x4c,0x00,0x00,0x00,0x00,0xdc,0xff,0x4c,0x00,0x00,0x00,0x00,0xdc,0xff,0x4c,0x00,0x00,0x00,
  0x00,0xdc,0xff,0x4c,0x00,0x00,0x00,0x00,0xdc,0xff,0x4c,0x00,0x00,0x00,0x00,0xdc,0xff,0x4c,0x00,0x00,0x00,0x00,0xdc,0xff,
  0x4c,0x00,0x00,0x00,0x00,0xdc,0xff,0x4c,0x00,0x00,0x00,0x00,0xdc,0xff,0x4c,0x00,0x00,0x00,0x00,0xdc,0xff,0x4c,0x00,0x00,
  0x1f,0x71,0x0d,0x00,0x4c,0x52,0x00,0xab,0xff,0x7d,0x11,0xfd,0xff,0x1e,0x61,0xdd,0x3c,0x02,0xb6,0xbe,0x06,0x00,0x00,0x00,
  0x00,0x00,0x00,0x00,0x00,0x00,0xdc,0xff,0x4c,0x00,0x00,0x00,0x00,0xdc,0xff,0x4c,0x00,0x00,0x00,0x00,0xdc,0xff,0x4c,0x00,
  0x00,0x00,0x00,0xdc,0xff,0x4c,0x00,0x00,0x00,0x00,0xdc,0xff,0x4c,0x00,0x00,0x00,0x00,0xdc,0xff,0x4c,0x00,0x00,0x00,0x00,
  0xdc,0xff,0x4c,0x00,0x00,0x00,0x00,0xdc,0xff,0x4c,0x00,0x00,0x00,0x00,0xdc,0xff,0x4c,0x00,0x00,0x00,0x00,0xdc,0xff,0x4c,
  0x00,0x00,0x00,0x00,0x13,0x09,0x00,0x00,0x00,0x00,0x00,0x00,0x00,0x00,0x80,0xec,0x75,0x04,0x4f,0xa1,0x00,0x00,0x00,0x00,
  0x25,0xb6,0xff,0xed,0xe8,0x6a,0x00,0x00,0x00,0x00,0x2e,0xb5,0xf2,0xfc,0xd9,0x12,0x00,0x00,0x00,0x00,0x8c,0x8e,0x13,0x6a,
  0xff,0xb7,0x00,0x00,0x00,0x00,0x08,0x5f,0x86,0x59,0xa1,0xff,0x4f,0x00,0x00,0x13,0xd1,0xff,0xff,0xff,0xc9,0xfd,0xbf,0x00,
  0x00,0x9f,0xff,0xbe,0x21,0x14,0xa6,0xff,0xfd,0x15,0x0c,0xf8,0xfe,0x21,0x00,0x00,0x0c,0xf4,0xff,0x3c,0x34,0xff,0xe4,0x00,
  0x00,0x00,0x00,0xc7,0xff,0x54,0x3a,0xff,0xe4,0x00,0x00,0x00,0x00,0xb8,0xff,0x4a,0x1b,0xff,0xff,0x11,0x00,0x00,0x04,0xe5,
  0xff,0x24,0x00,0xc8,0xff,0x9a,0x04,0x01,0x81,0xff,0xcf,0x00,0x00,0x35,0xf5,0xff,0xee,0xef,0xff,0xf6,0x3a,0x00,0x00,0x00,
  0x31,0xb5,0xf0,0xf0,0xb8,0x35,0x00,0x00,0x00,0x00,0x57,0x6f,0x2b,0x3b,0x71,0x00,0x00,0x00,0x55,0xff,0xef,0xff,0xff,0xa9,
  0x00,0x00,0x00,0x30,0x4d,0x01,0x3b,0x53,0x09,0x00,0x00,0x00,0x00,0x00,0x00,0x00,0x00,0x00,0x00,0x00,0xdc,0xff,0x35,0x8c,
  0xeb,0xeb,0xa0,0x10,0x00,0xdc,0xff,0xb9,0xf6,0xe2,0xff,0xff,0xab,0x00,0xdc,0xff,0xd0,0x13,0x00,0x67,0xff,0xff,0x13,0xdc,
  0xff,0x63,0x00,0x00,0x01,0xf7,0xff,0x36,0xdc,0xff,0x4c,0x00,0x00,0x00,0xe8,0xff,0x40,0xdc,0xff,0x4c,0x00,0x00,0x00,0xe8,
  0xff,0x40,0xdc,0xff,0x4c,0x00,0x00,0x00,0xe8,0xff,0x40,0xdc,0xff,0x4c,0x00,0x00,0x00,0xe8,0xff,0x40,0xdc,0xff,0x4c,0x00,
  0x00,0x00,0xe8,0xff,0x40,0xdc,0xff,0x4c,0x00,0x00,0x00,0xe8,0xff,0x40,0x00,0x00,0x10,0xe8,0xf6,0x13,0x00,0x00,0x00,0x00,
  0x00,0x00,0x00,0x59,0xff,0x78,0x00,0x00,0x00,0x00,0x00,0x00,0x00,0x00,0x92,0x96,0x00,0x00,0x00,0x00,0x00,0x00,0x00,0x00,
  0x00,0x00,0x00,0x00,0x00,0x00,0x00,0x00,0x29,0xab,0xea,0xf4,0xc9,0x55,0x00,0x00,0x00,0x2c,0xf1,0xff,0xf5,0xea,0xff,0xff,
  0x74,0x00,0x00,0xbd,0xff,0xb8,0x0c,0x00,0x6c,0xff,0xf9,0x1b,0x15,0xfe,0xff,0x2f,0x00,0x00,0x00,0xd7,0xff,0x6b,0x38,0xff,
  0xfc,0x06,0x00,0x00,0x00,0xa8,0xff,0x8f,0x38,0xff,0xfc,0x06,0x00,0x00,0x00,0xa9,0xff,0x8f,0x16,0xfe,0xff,0x2f,0x00,0x00,
  0x00,0xd7,0xff,0x6b,0x00,0xbd,0xff,0xb8,0x0c,0x00,0x6d,0xff,0xf9,0x1b,0x00,0x2b,0xf0,0xff,0xf5,0xea,0xff,0xff,0x72,0x00,
  0x00,0x00,0x29,0xab,0xeb,0xf4,0xc9,0x55,0x00,0x00,0x00,0x00,0x00,0x00,0x00,0xb7,0xff,0x48,0x00,0x00,0x00,0x00,0x00,0x00,
  0x26,0xfe,0xaa,0x00,0x00,0x00,0x00,0x00,0x00,0x00,0x5b,0xb2,0x1a,0x00,0x00,0x00,0x00,0x00,0x00,0x00,0x00,0x00,0x00,0x00,
  0x00,0x00,0x00,0x00,0x29,0xab,0xea,0xf4,0xc9,0x55,0x00,0x00,0x00,0x2c,0xf1,0xff,0xf5,0xea,0xff,0xff,0x74,0x00,0x00,0xbd,
  0xff,0xb8,0x0c,0x00,0x6c,0xff,0xf9,0x1b,0x15,0xfe,0xff,0x2f,0x00,0x00,0x00,0xd7,0xff,0x6b,0x38,0xff,0xfc,0x06,0x00,0x00,
  0x00,0xa8,0xff,0x8f,0x38,0xff,0xfc,0x06,0x00,0x00,0x00,0xa9,0xff,0x8f,0x16,0xfe,0xff,0x2f,0x00,0x00,0x00,0xd7,0xff,0x6b,
  0x00,0xbd,0xff,0xb8,0x0c,0x00,0x6d,0xff,0xf9,0x1b,0x00,0x2b,0xf0,0xff,0xf5,0xea,0xff,0xff,0x72,0x00,0x00,0x00,0x29,0xab,
  0xeb,0xf4,0xc9,0x55,0x00,0x00,0x00,0x00,0x00,0x37,0xf3,0xff,0x7e,0x00,0x00,0x00,0x00,0x00,0x2b,0xed,0xc6,0x7d,0xff,0x65,
  0x00,0x00,0x00,0x00,0x64,0x7f,0x18,0x00,0x6d,0x7c,0x0c,0x00,0x00,0x00,0x00,0x00,0x00,0x00,0x00,0x00,0x00,0x00,0x00,0x00,
  0x29,0xab,0xea,0xf4,0xc9,0x55,0x00,0x00,0x00,0x2c,0xf1,0xff,0xf5,0xea,0xff,0xff,0x74,0x00,0x00,0xbd,0xff,0xb8,0x0c,0x00,
  0x6c,0xff,0xf9,0x1b,0x15,0xfe,0xff,0x2f,0x00,0x00,0x00,0xd7,0xff,0x6b,0x38,0xff,0xfc,0x06,0x00,0x00,0x00,0xa8,0xff,0x8f,
  0x38,0xff,0xfc,0x06,0x00,0x00,0x00,0xa9,0xff,0x8f,0x16,0xfe,0xff,0x2f,0x00,0x00,0x00,0xd7,0xff,0x6b,0x00,0xbd,0xff,0xb8,
  0x0c,0x00,0x6d,0xff,0xf9,0x1b,0x00,0x2b,0xf0,0xff,0xf5,0xea,0xff,0xff,0x72,0x00,0x00,0x00,0x29,0xab,0xeb,0xf4,0xc9,0x55,
  0x00,0x00,0x00,0x00,0x01,0x59,0x6e,0x29,0x3d,0x6e,0x00,0x00,0x00,0x00,0x5a,0xff,0xf0,0xff,0xff,0xa2,0x00,0x00,0x00,0x00,
  0x33,0x4a,0x02,0x3c,0x52,0x07,0x00,0x00,0x00,0x00,0x00,0x00,0x00,0x00,0x00,0x00,0x00,0x00,0x00,0x00,0x29,0xab,0xea,0xf4,
  0xc9,0x55,0x00,0x00,0x00,0x2c,0xf1,0xff,0xf5,0xea,0xff,0xff,0x74,0x00,0x00,0xbd,0xff,0xb8,0x0c,0x00,0x6c,0xff,0xf9,0x1b,
  0x15,0xfe,0xff,0x2f,0x00,0x00,0x00,0xd7,0xff,0x6b,0x38,0xff,0xfc,0x06,0x00,0x00,0x00,0xa8,0xff,0x8f,0x38,0xff,0xfc,0x06,
  0x00,0x00,0x00,0xa9,0xff,0x8f,0x16,0xfe,0xff,0x2f,0x00,0x00,0x00,0xd7,0xff,0x6b,0x00,0xbd,0xff,0xb8,0x0c,0x00,0x6d,0xff,
  0xf9,0x1b,0x00,0x2b,0xf0,0xff,0xf5,0xea,0xff,0xff,0x72,0x00,0x00,0x00,0x29,0xab,0xeb,0xf4,0xc9,0x55,0x00,0x00,0x00,0x00,
  0x25,0x6f,0x0a,0x00,0x52,0x4c,0x00,0x00,0x00,0x00,0xbb,0xff,0x71,0x1e,0xff,0xfd,0x14,0x00,0x00,0x00,0x6e,0xdb,0x34,0x07,
  0xbd,0xb6,0x03,0x00,0x00,0x00,0x00,0x00,0x00,0x00,0x00,0x00,0x00,0x00,0x00,0x00,0x29,0xab,0xea,0xf4,0xc9,0x55,0x00,0x00,
  0x00,0x2c,0xf1,0xff,0xf5,0xea,0xff,0xff,0x74,0x00,0x00,0xbd,0xff,0xb8,0x0c,0x00,0x6c,0xff,0xf9,0x1b,0x15,0xfe,0xff,0x2f,
  0x00,0x00,0x00,0xd7,0xff,0x6b,0x38,0xff,0xfc,0x06,0x00,0x00,0x00,0xa8,0xff,0x8f,0x38,0xff,0xfc,0x06,0x00,0x00,0x00,0xa9,
  0xff,0x8f,0x16,0xfe,0xff,0x2f,0x00,0x00,0x00,0xd7,0xff,0x6b,0x00,0xbd,0xff,0xb8,0x0c,0x00,0x6d,0xff,0xf9,0x1b,0x00,0x2b,
  0xf0,0xff,0xf5,0xea,0xff,0xff,0x72,0x00,0x00,0x00,0x29,0xab,0xeb,0xf4,0xc9,0x55,0x00,0x00,0x00,0x00,0x00,0x3e,0xed,0x9d,
  0x00,0x00,0x00,0x00,0x00,0x00,0x8c,0xff,0xfa,0x01,0x00,0x00,0x00,0x00,0x00,0x28,0xbd,0x73,0x00,0x00,0x00,0x00,0x00,0x00,
  0x00,0x00,0x00,0x00,0x00,0x00,0x58,0xec,0xec,0xec,0xec,0xec,0xec,0xec,0xbf,0x60,0xff,0xff,0xff,0xff,0xff,0xff,0xff,0xd0,
  0x00,0x00,0x00,0x00,0x00,0x00,0x00,0x00,0x00,0x00,0x00,0x00,0x26,0xb9,0x6f,0x00,0x00,0x00,0x00,0x00,0x00,0x8c,0xff,0xfa,
  0x01,0x00,0x00,0x00,0x00,0x00,0x40,0xed,0xa0,0x00,0x00,0x00,0x00,0x00,0x00,0x00,0x00,0x00,0x00,0x00,0x12,0x00,0x00,0x00,
  0x29,0xab,0xea,0xf4,0xc9,0x60,0xd0,0x69,0x00,0x2c,0xf1,0xff,0xf5,0xea,0xff,0xff,0xff,0x0b,0x00,0xbd,0xff,0xb8,0x0c,0x00,
  0xec,0xff,0xff,0x1b,0x15,0xfe,0xff,0x2f,0x00,0x52,0xf9,0xff,0xff,0x6b,0x38,0xff,0xfc,0x06,0x2e,0xf4,0x67,0xa8,0xff,0x8f,
  0x38,0xff,0xfc,0x1a,0xe0,0x95,0x00,0xa9,0xff,0x8f,0x16,0xfe,0xff,0xf0,0xbe,0x04,0x00,0xd7,0xff,0x6b,0x00,0xbd,0xff,0xff,
  0x20,0x00,0x6d,0xff,0xf9,0x1b,0x00,0x96,0xff,0xff,0xf5,0xea,0xff,0xff,0x72,0x00,0x1a,0xf7,0x79,0xab,0xeb,0xf4,0xc9,0x55,
  0x00,0x00,0x00,0x28,0x00,0x00,0x00,0x00,0x00,0x00,0x00,0x00,0x00,0x0b,0xe1,0xf9,0x18,0x00,0x00,0x00,0x00,0x00,0x00,0x4e,
  0xff,0x80,0x00,0x00,0x00,0x00,0x00,0x00,0x00,0x8c,0x9b,0x00,0x00,0x00,0x00,0x00,0x00,0x00,0x00,0x00,0x00,0x00,0x00,0x00,
  0xdc,0xff,0x4c,0x00,0x00,0x00,0xe8,0xff,0x44,0xdc,0xff,0x4c,0x00,0x00,0x00,0xe8,0xff,0x44,0xdc,0xff,0x4c,0x00,0x00,0x00,
  0xe8,0xff,0x44,0xdc,0xff,0x4c,0x00,0x00,0x00,0xe8,0xff,0x44,0xdc,0xff,0x4c,0x00,0x00,0x00,0xe8,0xff,0x44,0xdc,0xff,0x4c,
  0x00,0x00,0x00,0xe8,0xff,0x44,0xd3,0xff,0x61,0x00,0x00,0x0a,0xfc,0xff,0x44,0xaf,0xff,0xd0,0x1b,0x0a,0x99,0xff,0xff,0x44,
  0x48,0xff,0xff,0xff,0xfd,0xd9,0xcf,0xff,0x44,0x00,0x61,0xd8,0xf5,0xbe,0x23,0xc9,0xff,0x44,0x00,0x00,0x00,0x00,0xaf,0xff,
  0x50,0x00,0x00,0x00,0x00,0x00,0x1d,0xfc,0xb2,0x00,0x00,0x00,0x00,0x00,0x00,0x53,0xb3,0x1f,0x00,0x00,0x00,0x00,0x00,0x00,
  0x00,0x00,0x00,0x00,0x00,0x00,0xdc,0xff,0x4c,0x00,0x00,0x00,0xe8,0xff,0x44,0xdc,0xff,0x4c,0x00,0x00,0x00,0xe8,0xff,0x44,
  0xdc,0xff,0x4c,0x00,0x00,0x00,0xe8,0xff,0x44,0xdc,0xff,0x4c,0x00,0x00,0x00,0xe8,0xff,0x44,0xdc,0xff,0x4c,0x00,0x00,0x00,
  0xe8,0xff,0x44,0xdc,0xff,0x4c,0x00,0x00,0x00,0xe8,0xff,0x44,0xd3,0xff,0x61,0x00,0x00,0x0a,0xfc,0xff,0x44,0xaf,0xff,0xd0,
  0x1b,0x0a,0x99,0xff,0xff,0x44,0x48,0xff,0xff,0xff,0xfd,0xd9,0xcf,0xff,0x44,0x00,0x61,0xd8,0xf5,0xbe,0x23,0xc9,0xff,0x44,
  0x00,0x00,0x31,0xf1,0xff,0x86,0x00,0x00,0x00,0x00,0x26,0xea,0xcb,0x76,0xff,0x6c,0x00,0x00,0x00,0x60,0x80,0x1c,0x00,0x68,
  0x7d,0x0f,0x00,0x00,0x00,0x00,0x00,0x00,0x00,0x00,0x00,0x00,0xdc,0xff,0x4c,0x00,0x00,0x00,0xe8,0xff,0x44,0xdc,0xff,0x4c,
  0x00,0x00,0x00,0xe8,0xff,0x44,0xdc,0xff,0x4c,0x00,0x00,0x00,0xe8,0xff,0x44,0xdc,0xff,0x4c,0x00,0x00,0x00,0xe8,0xff,0x44,
  0xdc,0xff,0x4c,0x00,0x00,0x00,0xe8,0xff,0x44,0xdc,0xff,0x4c,0x00,0x00,0x00,0xe8,0xff,0x44,0xd3,0xff,0x61,0x00,0x00,0x0a,
  0xfc,0xff,0x44,0xaf,0xff,0xd0,0x1b,0x0a,0x99,0xff,0xff,0x44,0x48,0xff,0xff,0xff,0xfd,0xd9,0xcf,0xff,0x44,0x00,0x61,0xd8,
  0xf5,0xbe,0x23,0xc9,0xff,0x44,0x00,0x22,0x70,0x0c,0x00,0x4e,0x51,0x00,0x00,0x00,0xb3,0xff,0x79,0x14,0xfd,0xfe,0x1b,0x00,
  0x00,0x67,0xdc,0x39,0x03,0xb8,0xbb,0x05,0x00,0x00,0x00,0x00,0x00,0x00,0x00,0x00,0x00,0x00,0xdc,0xff,0x4c,0x00,0x00,0x00,
  0xe8,0xff,0x44,0xdc,0xff,0x4c,0x00,0x00,0x00,0xe8,0xff,0x44,0xdc,0xff,0x4c,0x00,0x00,0x00,0xe8,0xff,0x44,0xdc,0xff,0x4c,
  0x00,0x00,0x00,0xe8,0xff,0x44,0xdc,0xff,0x4c,0x00,0x00,0x00,0xe8,0xff,0x44,0xdc,0xff,0x4c,0x00,0x00,0x00,0xe8,0xff,0x44,
  0xd3,0xff,0x61,0x00,0x00,0x0a,0xfc,0xff,0x44,0xaf,0xff,0xd0,0x1b,0x0a,0x99,0xff,0xff,0x44,0x48,0xff,0xff,0xff,0xfd,0xd9,
  0xcf,0xff,0x44,0x00,0x61,0xd8,0xf5,0xbe,0x23,0xc9,0xff,0x44,0x00,0x00,0x00,0x00,0x00,0x8e,0xb4,0x29,0x00,0x00,0x00,0x00,
  0x00,0x00,0x28,0xfe,0xb3,0x00,0x00,0x00,0x00,0x00,0x00,0x00,0x95,0xf4,0x1e,0x00,0x00,0x00,0x00,0x00,0x00,0x00,0x00,0x00,
  0x00,0x00,0x00,0x00,0x80,0xff,0xc7,0x00,0x00,0x00,0x00,0xc5,0xff,0x7e,0x28,0xff,0xfe,0x18,0x00,0x00,0x18,0xfd,0xff,0x26,
  0x00,0xd0,0xff,0x65,0x00,0x00,0x68,0xff,0xcc,0x00,0x00,0x78,0xff,0xb5,0x00,0x00,0xb9,0xff,0x73,0x00,0x00,0x20,0xff,0xf8,
  0x0c,0x10,0xfa,0xfe,0x1c,0x00,0x00,0x00,0xc8,0xff,0x52,0x5b,0xff,0xc1,0x00,0x00,0x00,0x00,0x70,0xff,0x95,0xa4,0xff,0x67,
  0x00,0x00,0x00,0x00,0x1a,0xfd,0xcf,0xe4,0xfb,0x13,0x00,0x00,0x00,0x00,0x00,0xc0,0xfe,0xff,0xb5,0x00,0x00,0x00,0x00,0x00,
  0x00,0x68,0xff,0xff,0x5c,0x00,0x00,0x00,0x00,0x00,0x00,0x41,0xff,0xf6,0x0d,0x00,0x00,0x00,0x00,0x03,0x00,0x9c,0xff,0xa5,
  0x00,0x00,0x00,0x00,0x00,0x99,0xf5,0xff,0xf8,0x2d,0x00,0x00,0x00,0x00,0x00,0xc0,0xf8,0xd3,0x4a,0x00,0x00,0x00,0x00,0x00,
  0xdc,0xff,0x4c,0x00,0x00,0x00,0x00,0x00,0x00,0xdc,0xff,0x4c,0x00,0x00,0x00,0x00,0x00,0x00,0xdc,0xff,0x4c,0x00,0x00,0x00,
  0x00,0x00,0x00,0xdc,0xff,0x4d,0x82,0xee,0xef,0xa6,0x17,0x00,0xdc,0xff,0xbe,0xff,0xf2,0xff,0xff,0xd8,0x08,0xdc,0xff,0xec,
  0x33,0x00,0x3f,0xf5,0xff,0x6b,0xdc,0xff,0x82,0x00,0x00,0x00,0x98,0xff,0xb7,0xdc,0xff,0x51,0x00,0x00,0x00,0x66,0xff,0xd4,
  0xdc,0xff,0x52,0x00,0x00,0x00,0x67,0xff,0xd4,0xdc,0xff,0x84,0x00,0x00,0x00,0x9c,0xff,0xb7,0xdc,0xff,0xed,0x35,0x00,0x42,
  0xf7,0xff,0x6d,0xdc,0xff,0xc3,0xff,0xf2,0xff,0xff,0xd8,0x08,0xdc,0xff,0x4e,0x86,0xef,0xef,0xa8,0x18,0x00,0xdc,0xff,0x4c,
  0x00,0x00,0x00,0x00,0x00,0x00,0xdc,0xff,0x4c,0x00,0x00,0x00,0x00,0x00,0x00,0xdc,0xff,0x4c,0x00,0x00,0x00,0x00,0x00,0x00,
  0xdc,0xff,0x4c,0x00,0x00,0x00,0x00,0x00,0x00,0x00,0x00,0x35,0x66,0x02,0x01,0x64,0x3a,0x00,0x00,0x00,0x00,0xdf,0xff,0x49,
  0x43,0xff,0xe9,0x00,0x00,0x00,0x00,0x8d,0xd2,0x1a,0x17,0xd0,0x96,0x00,0x00,0x00,0x00,0x00,0x00,0x00,0x00,0x00,0x00,0x00,
  0x00,0x80,0xff,0xc7,0x00,0x00,0x00,0x00,0xc5,0xff,0x7e,0x28,0xff,0xfe,0x18,0x00,0x00,0x18,0xfd,0xff,0x26,0x00,0xd0,0xff,
  0x65,0x00,0x00,0x68,0xff,0xcc,0x00,0x00,0x78,0xff,0xb5,0x00,0x00,0xb9,0xff,0x73,0x00,0x00,0x20,0xff,0xf8,0x0c,0x10,0xfa,
  0xfe,0x1c,0x00,0x00,0x00,0xc8,0xff,0x52,0x5b,0xff,0xc1,0x00,0x00,0x00,0x00,0x70,0xff,0x95,0xa4,0xff,0x67,0x00,0x00,0x00,
  0x00,0x1a,0xfd,0xcf,0xe4,0xfb,0x13,0x00,0x00,0x00,0x00,0x00,0xc0,0xfe,0xff,0xb5,0x00,0x00,0x00,0x00,0x00,0x00,0x68,0xff,
  0xff,0x5c,0x00,0x00,0x00,0x00,0x00,0x00,0x41,0xff,0xf6,0x0d,0x00,0x00,0x00,0x00,0x03,0x00,0x9c,0xff,0xa5,0x00,0x00,0x00,
  0x00,0x00,0x99,0xf5,0xff,0xf8,0x2d,0x00,0x00,0x00,0x00,0x00,0xc0,0xf8,0xd3,0x4a,0x00,0x00,0x00,0x00,0x00,0xe8,0xe8,0xe8,
  0xe8,0xe8,0xe8,0xe8,0xe8,0x74,0xff,0xff,0xff,0xff,0xff,0xff,0xff,0xff,0x80,0xe8,0xe8,0xe8,0xe8,0xe8,0xe8,0xe8,0xe8,0xe8,
  0xe8,0xe8,0xe8,0xe8,0xe8,0xe8,0xe8,0xe8,0xff,0xff,0xff,0xff,0xff,0xff,0xff,0xff,0xff,0xff,0xff,0xff,0xff,0xff,0xff,0xff,
  0xff,0x00,0x53,0xff,0x3e,0x00,0x99,0xff,0x1b,0x00,0xde,0xf7,0x01,0x25,0xff,0xd6,0x00,0x6b,0xff,0xb4,0x00,0x32,0x54,0x33,
  0x00,0x00,0x4e,0x54,0x16,0x07,0xfd,0xfe,0x17,0x29,0xff,0xd1,0x00,0x4c,0xff,0x8c,0x00,0x6f,0xff,0x47,0x00,0x92,0xf8,0x09,
  0x00,0x18,0x54,0x4c,0x61,0xff,0xba,0x85,0xff,0x74,0xa8,0xff,0x2e,0xcb,0xe7,0x00,0xee,0xa2,0x00,0x00,0x53,0xff,0x3e,0x00,
  0xb7,0xdd,0x00,0x99,0xff,0x1b,0x06,0xf5,0xba,0x00,0xde,0xf7,0x01,0x41,0xff,0x97,0x25,0xff,0xd6,0x00,0x86,0xff,0x74,0x6b,
  0xff,0xb4,0x00,0xcb,0xff,0x50,0x32,0x54,0x33,0x00,0x51,0x54,0x12,0x00,0x4e,0x54,0x16,0x21,0x54,0x43,0x07,0xfd,0xfe,0x17,
  0x7d,0xff,0x9e,0x29,0xff,0xd1,0x00,0xa1,0xff,0x59,0x4c,0xff,0x8c,0x00,0xc4,0xfe,0x16,0x6f,0xff,0x47,0x00,0xe7,0xcf,0x00,
  0x92,0xf8,0x09,0x0b,0xff,0x8a,0x00,0x18,0x54,0x4c,0x00,0x40,0x54,0x24,0x61,0xff,0xba,0x00,0xdd,0xff,0x42,0x85,0xff,0x74,
  0x04,0xfb,0xf5,0x06,0xa8,0xff,0x2e,0x22,0xff,0xb6,0x00,0xcb,0xe7,0x00,0x44,0xff,0x70,0x00,0xee,0xa2,0x00,0x67,0xff,0x2a,
  0x00,0x00,0x0f,0x7e,0x9d,0x4a,0x00,0x04,0xcc,0xff,0xff,0xff,0x60,0x45,0xff,0xff,0xff,0xff,0xd4,0x54,0xff,0xff,0xff,0xff,
  0xe4,0x14,0xee,0xff,0xff,0xff,0x91,0x00,0x38,0xd8,0xf5,0xa0,0x05,0x2d,0xc2,0x78,0x00,0x00,0x01,0x97,0xb8,0x17,0x00,0x00,
  0x49,0xc7,0x58,0x94,0xff,0xfd,0x03,0x00,0x28,0xff,0xff,0x6c,0x00,0x00,0xc0,0xff,0xd4,0x44,0xee,0xa3,0x00,0x00,0x06,0xc3,
  0xe4,0x28,0x00,0x00,0x68,0xf3,0x7a,0x00,0x00,0x00,0x00,0x48,0xb8,0xee,0xf9,0xd5,0x77,0x05,0x00,0x00,0x00,0x71,0xff,0xff,
  0xff,0xff,0xff,0xff,0x63,0x00,0x00,0x39,0xfe,0xff,0x9f,0x3a,0x2c,0x57,0xa5,0x08,0x01,0x14,0xa7,0xff,0xb5,0x14,0x14,0x14,
  0x14,0x00,0x00,0x44,0xff,0xff,0xff,0xff,0xff,0xff,0xff,0xce,0x00,0x00,0x21,0x44,0xfe,0xff,0x6e,0x44,0x44,0x44,0x23,0x00,
  0x00,0x01,0x18,0xfe,0xff,0x4c,0x18,0x18,0x15,0x00,0x00,0x00,0x44,0xff,0xff,0xff,0xff,0xff,0xff,0xac,0x00,0x00,0x00,0x22,
  0x48,0xc7,0xff,0xb0,0x48,0x48,0x1b,0x00,0x00,0x00,0x00,0x00,0x68,0xff,0xe4,0x0e,0x00,0x00,0x00,0x01,0x00,0x00,0x00,0x10,
  0xe4,0xff,0xc6,0x43,0x24,0x5e,0xcf,0x0a,0x00,0x00,0x00,0x3b,0xf7,0xff,0xff,0xff,0xff,0xff,0x60,0x00,0x00,0x00,0x00,0x2d,
  0xaa,0xed,0xf9,0xd7,0x7b,0x07,0x00,0x00,0x00,0x00,0x00,0x00,0x04,0x00,0x00,0x00,0x00,0x00,0x00,0x00,0x00,0x00,0x00,0x00,
  0x00,0x2d,0xdb,0x2d,0x00,0x00,0x00,0x00,0x00,0x00,0x00,0x00,0x00,0x00,0x24,0xe7,0xff,0x64,0x00,0x00,0x00,0x00,0x00,0x00,
  0x00,0x00,0x00,0x1c,0xe0,0xff,0x79,0x00,0x00,0x00,0x00,0x00,0x00,0x00,0x00,0x00,0x15,0xd8,0xff,0x7f,0x00,0x00,0x00,0x00,
  0x00,0x00,0x00,0x00,0x00,0x0f,0xce,0xfc,0x6b,0x00,0x00,0x00,0x00,0x00,0x00,0x00,0x00,0x00,0x0a,0xc5,0xff,0xe2,0xce,0xe2,
  0xe4,0xe4,0xe4,0xe4,0xe4,0xe4,0xe4,0x15,0x12,0xd4,0xff,0xea,0xed,0xfe,0xff,0xff,0xff,0xff,0xff,0xff,0xff,0x18,0x00,0x19,
  0xdd,0xf4,0x4e,0x00,0x00,0x00,0x00,0x00,0x00,0x00,0x00,0x00,0x00,0x00,0x21,0xe5,0xfc,0x62,0x00,0x00,0x00,0x00,0x00,0x00,
  0x00,0x00,0x00,0x00,0x00,0x29,0xeb,0xfe,0x60,0x00,0x00,0x00,0x00,0x00,0x00,0x00,0x00,0x00,0x00,0x00,0x33,0xf1,0xfc,0x51,
  0x00,0x00,0x00,0x00,0x00,0x00,0x00,0x00,0x00,0x00,0x00,0x3e,0xec,0x3c,0x00,0x00,0x00,0x00,0x00,0x00,0x00,0x00,0x00,0x00,
  0x00,0x00,0x0f,0x00,0x00,0x00,0x00,0x00,0x00,0x00,0x00,0x00,0x00,0x00,0x00,0x0c,0x4d,0x00,0x00,0x00,0x00,0x00,0x00,0x00,
  0x00,0x00,0x00,0x0c,0xc3,0xfd,0x61,0x00,0x00,0x00,0x00,0x00,0x00,0x00,0x00,0x0c,0xc4,0xff,0xff,0xfd,0x61,0x00,0x00,0x00,
  0x00,0x00,0x00,0x0d,0xc4,0xff,0xc3,0xfd,0xc3,0xfd,0x61,0x00,0x00,0x00,0x00,0x0d,0xc5,0xff,0x83,0x94,0xff,0x36,0xe0,0xfd,
  0x61,0x00,0x00,0x0d,0xc5,0xff,0x9e,0x00,0x9f,0xff,0x2b,0x29,0xec,0xfd,0x61,0x00,0x3f,0xf9,0xa1,0x02,0x00,0xa0,0xff,0x2c,
  0x00,0x2e,0xea,0xc2,0x02,0x00,0x32,0x02,0x00,0x00,0xa0,0xff,0x2c,0x00,0x00,0x27,0x0d,0x00,0x00,0x00,0x00,0x00,0x00,0xa0,
  0xff,0x2c,0x00,0x00,0x00,0x00,0x00,0x00,0x00,0x00,0x00,0x00,0xa0,0xff,0x2c,0x00,0x00,0x00,0x00,0x00,0x00,0x00,0x00,0x00,
  0x00,0xa0,0xff,0x2c,0x00,0x00,0x00,0x00,0x00,0x00,0x00,0x00,0x00,0x00,0xa0,0xff,0x2c,0x00,0x00,0x00,0x00,0x00,0x00,0x00,
  0x00,0x00,0x00,0xa0,0xff,0x2c,0x00,0x00,0x00,0x00,0x00,0x00,0x00,0x00,0x00,0x00,0x00,0x04,0x00,0x00,0x00,0x00,0x00,0x00,
  0x00,0x00,0x00,0x00,0x00,0x11,0xce,0x55,0x00,0x00,0x00,0x00,0x00,0x00,0x00,0x00,0x00,0x00,0x36,0xf5,0xfa,0x49,0x00,0x00,
  0x00,0x00,0x00,0x00,0x00,0x00,0x00,0x00,0x47,0xf9,0xf6,0x3d,0x00,0x00,0x00,0x00,0x00,0x00,0x00,0x00,0x00,0x00,0x4e,0xf8,
  0xf1,0x33,0x00,0x00,0x00,0x00,0x00,0x00,0x00,0x00,0x00,0x00,0x41,0xee,0xec,0x2a,0x00,0xc7,0xe4,0xe4,0xe4,0xe4,0xe4,0xe4,
  0xe3,0xd3,0xd4,0xff,0xe5,0x22,0xe0,0xff,0xff,0xff,0xff,0xff,0xff,0xff,0xf3,0xe3,0xff,0xef,0x2f,0x00,0x00,0x00,0x00,0x00,
  0x00,0x00,0x00,0x2b,0xdf,0xf4,0x39,0x00,0x00,0x00,0x00,0x00,0x00,0x00,0x00,0x38,0xee,0xf8,0x44,0x00,0x00,0x00,0x00,0x00,
  0x00,0x00,0x00,0x34,0xf2,0xfc,0x51,0x00,0x00,0x00,0x00,0x00,0x00,0x00,0x00,0x29,0xec,0xfe,0x5e,0x00,0x00,0x00,0x00,0x00,
  0x00,0x00,0x00,0x00,0x1b,0xdf,0x6c,0x00,0x00,0x00,0x00,0x00,0x00,0x00,0x00,0x00,0x00,0x00,0x0f,0x00,0x00,0x00,0x00,0x00,
  0x00,0x00,0x00,0x00,0x00,0x00,0x3c,0x60,0x10,0x00,0x00,0x00,0x00,0x00,0x00,0x00,0x00,0x00,0x00,0xa0,0xff,0x2c,0x00,0x00,
  0x00,0x00,0x00,0x00,0x00,0x00,0x00,0x00,0xa0,0xff,0x2c,0x00,0x00,0x00,0x00,0x00,0x00,0x00,0x00,0x00,0x00,0xa0,0xff,0x2c,
  0x00,0x00,0x00,0x00,0x00,0x00,0x00,0x00,0x00,0x00,0xa0,0xff,0x2c,0x00,0x00,0x00,0x00,0x00,0x00,0x00,0x00,0x00,0x00,0xa0,
  0xff,0x2c,0x00,0x00,0x00,0x00,0x00,0x02,0x8a,0x21,0x00,0x00,0xa0,0xff,0x2c,0x00,0x00,0x73,0x3b,0x00,0x4a,0xff,0xe0,0x20,
  0x00,0xa0,0xff,0x2c,0x00,0x78,0xff,0xd2,0x02,0x00,0x75,0xff,0xdc,0x16,0x9e,0xff,0x29,0x6a,0xff,0xdf,0x1f,0x00,0x00,0x00,
  0x75,0xff,0xc9,0x91,0xff,0x5d,0xfd,0xdf,0x1f,0x00,0x00,0x00,0x00,0x00,0x75,0xff,0xeb,0xfc,0xed,0xde,0x1f,0x00,0x00,0x00,
  0x00,0x00,0x00,0x00,0x75,0xff,0xff,0xde,0x1e,0x00,0x00,0x00,0x00,0x00,0x00,0x00,0x00,0x00,0x75,0xdd,0x1e,0x00,0x00,0x00,
  0x00,0x00,0x00,0x00,0x00,0x00,0x00,0x00,0x0c,0x00,0x00,0x00,0x00,0x00,0x00,0x01,0x04,0x04,0x04,0x04,0x04,0x04,0x04,0x03,
  0x60,0xff,0xff,0xff,0xff,0xff,0xff,0xff,0xd0,0x60,0xff,0xff,0xff,0xff,0xff,0xff,0xff,0xd0,
};
static const uint32_t font_body_vlw_len = 30018;
